application_id,applicant_id,cohort_id,channel_id,application_date,eligibility_status,interview_result,offer_status,application_status,stage,exit_reason_id
1,1,1,3,2015-03-14,Eligible,Passed,Offered,Enrolled,Selection,
2,2,1,7,2015-04-01,Eligible,Passed,Offered,Enrolled,Selection,
3,3,2,3,2015-10-14,Eligible,Passed,Offered,Enrolled,Selection,
4,4,1,3,2015-06-20,Eligible,Passed,Offered,Enrolled,Selection,
5,5,1,2,2015-05-13,Eligible,Passed,Offered,Enrolled,Selection,
6,6,2,5,2015-04-22,Eligible,Passed,Offered,Enrolled,Selection,
7,7,1,3,2015-02-25,Eligible,Passed,Offered,Enrolled,Selection,
8,8,2,1,2015-12-17,Eligible,Passed,Offered,Enrolled,Selection,
9,9,1,3,2015-09-03,Eligible,Passed,Offered,Enrolled,Selection,
10,10,1,3,2015-01-28,Eligible,Passed,Offered,Enrolled,Selection,
11,11,1,3,2015-11-26,Eligible,Passed,Offered,Enrolled,Selection,
12,12,2,1,2015-06-25,Eligible,Passed,Offered,Enrolled,Selection,
13,13,2,1,2015-03-08,Eligible,Passed,Offered,Enrolled,Selection,
14,14,1,1,2015-07-13,Eligible,Failed,Not Offered,Rejected,Interview,7.0
15,15,1,7,2015-01-28,Eligible,Passed,Offered,Enrolled,Selection,
16,16,2,1,2015-04-27,Eligible,Passed,Offered,Enrolled,Selection,
17,17,1,1,2015-10-23,Eligible,Passed,Offered,Enrolled,Selection,
18,18,2,6,2015-11-19,Eligible,Passed,Offered,Enrolled,Selection,
19,19,2,1,2015-03-07,Eligible,Passed,Offered,Enrolled,Selection,
20,20,2,3,2015-05-23,Eligible,Passed,Offered,Enrolled,Selection,
21,21,2,3,2015-10-21,Eligible,Passed,Offered,Enrolled,Selection,
22,22,2,1,2015-07-10,Eligible,Passed,Offered,Enrolled,Selection,
23,23,1,1,2015-05-02,Eligible,Passed,Offered,Enrolled,Selection,
24,24,2,1,2015-03-26,Eligible,Passed,Offered,Enrolled,Selection,
25,25,1,3,2015-10-09,Eligible,Passed,Offered,Enrolled,Selection,
26,26,1,3,2015-08-03,Eligible,Passed,Offered,Enrolled,Selection,
27,27,1,4,2015-07-28,Eligible,Passed,Offered,Enrolled,Selection,
28,28,2,3,2015-12-16,Eligible,Passed,Offered,Enrolled,Selection,
29,29,2,1,2015-05-17,Eligible,Passed,Offered,Enrolled,Selection,
30,30,1,1,2015-01-10,Eligible,Passed,Offered,Enrolled,Selection,
31,31,2,1,2015-07-08,Eligible,Passed,Offered,Enrolled,Selection,
32,121,3,3,2016-10-07,Eligible,Passed,Offered,Enrolled,Selection,
33,122,3,3,2016-12-14,Eligible,Passed,Offered,Enrolled,Selection,
34,123,3,5,2016-03-21,Eligible,Passed,Offered,Enrolled,Selection,
35,124,3,4,2016-06-13,Eligible,Failed,Not Offered,Rejected,Interview,6.0
36,125,3,1,2016-06-16,Eligible,Passed,Offered,Enrolled,Selection,
37,126,3,2,2016-08-08,Eligible,Failed,Not Offered,Rejected,Interview,6.0
38,127,3,1,2016-02-19,Eligible,Failed,Not Offered,Rejected,Interview,7.0
39,128,3,4,2016-10-06,Eligible,Failed,Not Offered,Rejected,Interview,7.0
40,129,3,3,2016-07-14,Eligible,Passed,Offered,Enrolled,Selection,
41,130,3,1,2016-09-17,Eligible,Passed,Offered,Enrolled,Selection,
42,131,3,5,2016-12-25,Eligible,Passed,Offered,Enrolled,Selection,
43,132,3,3,2016-01-15,Eligible,Passed,Offered,Enrolled,Selection,
44,133,3,2,2016-10-12,Eligible,Passed,Offered,Enrolled,Selection,
45,134,3,2,2016-06-27,Eligible,Failed,Not Offered,Rejected,Interview,6.0
46,135,3,2,2016-12-03,Eligible,Passed,Offered,Enrolled,Selection,
47,136,3,1,2016-06-22,Eligible,Passed,Offered,Enrolled,Selection,
48,137,3,1,2016-11-21,Eligible,Passed,Offered,Enrolled,Selection,
49,138,3,3,2016-12-11,Eligible,Failed,Not Offered,Rejected,Interview,6.0
50,139,4,3,2016-11-22,Eligible,Passed,Offered,Enrolled,Selection,
51,140,3,1,2016-12-13,Eligible,Passed,Offered,Enrolled,Selection,
52,141,3,1,2016-07-10,Eligible,Passed,Offered,Enrolled,Selection,
53,142,3,6,2016-09-22,Eligible,Passed,Offered,Enrolled,Selection,
54,143,3,5,2016-09-20,Eligible,Passed,Offered,Enrolled,Selection,
55,144,3,3,2016-10-02,Eligible,Passed,Offered,Enrolled,Selection,
56,145,3,2,2016-05-24,Eligible,Passed,Offered,Enrolled,Selection,
57,151,4,1,2016-07-03,Eligible,Passed,Offered,Enrolled,Selection,
58,155,4,4,2016-02-28,Eligible,Passed,Offered,Enrolled,Selection,
59,160,4,1,2016-03-11,Eligible,Passed,Offered,Enrolled,Selection,
60,161,4,1,2016-03-24,Eligible,Passed,Offered,Enrolled,Selection,
61,170,4,1,2016-03-07,Eligible,Failed,Not Offered,Rejected,Interview,7.0
62,176,4,5,2016-06-12,Eligible,Passed,Offered,Enrolled,Selection,
63,194,4,5,2016-08-28,Eligible,Passed,Offered,Enrolled,Selection,
64,196,4,1,2016-08-11,Eligible,Passed,Offered,Enrolled,Selection,
65,205,4,5,2016-01-05,Eligible,Passed,Offered,Enrolled,Selection,
66,214,4,5,2016-10-03,Eligible,Failed,Not Offered,Rejected,Interview,7.0
67,221,4,1,2016-03-06,Eligible,Passed,Offered,Enrolled,Selection,
68,232,4,5,2016-10-12,Eligible,Passed,Offered,Enrolled,Selection,
69,238,4,1,2016-06-20,Eligible,Passed,Offered,Enrolled,Selection,
70,243,4,1,2016-10-21,Eligible,Passed,Offered,Enrolled,Selection,
71,260,4,4,2016-06-22,Eligible,Failed,Not Offered,Rejected,Interview,7.0
72,265,4,1,2016-09-23,Eligible,Passed,Offered,Enrolled,Selection,
73,271,4,2,2016-08-28,Eligible,Failed,Not Offered,Rejected,Interview,6.0
74,275,4,5,2016-01-25,Eligible,Passed,Offered,Enrolled,Selection,
75,279,4,2,2016-03-15,Eligible,Passed,Offered,Enrolled,Selection,
76,301,5,3,2017-10-19,Eligible,Passed,Offered,Enrolled,Selection,
77,302,5,1,2017-01-01,Eligible,Passed,Offered,Enrolled,Selection,
78,303,6,1,2017-04-18,Eligible,Passed,Offered,Enrolled,Selection,
79,304,7,1,2017-08-26,Eligible,Passed,Offered,Enrolled,Selection,
80,305,7,5,2017-09-09,Eligible,Passed,Offered,Enrolled,Selection,
81,306,5,1,2017-04-16,Eligible,Passed,Offered,Enrolled,Selection,
82,307,5,5,2017-05-10,Eligible,Passed,Offered,Enrolled,Selection,
83,308,5,1,2017-05-09,Eligible,Passed,Offered,Enrolled,Selection,
84,309,5,5,2017-02-05,Eligible,Passed,Offered,Enrolled,Selection,
85,310,6,1,2017-07-16,Eligible,Passed,Offered,Enrolled,Selection,
86,311,6,1,2017-09-22,Eligible,Passed,Offered,Enrolled,Selection,
87,312,5,4,2017-11-19,Eligible,Passed,Offered,Enrolled,Selection,
88,313,5,5,2017-05-07,Eligible,Passed,Offered,Enrolled,Selection,
89,314,5,1,2017-08-22,Eligible,Passed,Offered,Enrolled,Selection,
90,315,5,2,2017-05-06,Eligible,Passed,Offered,Enrolled,Selection,
91,316,5,4,2017-02-03,Eligible,Passed,Offered,Enrolled,Selection,
92,317,5,2,2017-08-14,Eligible,Passed,Offered,Enrolled,Selection,
93,318,6,1,2017-02-12,Eligible,Passed,Offered,Enrolled,Selection,
94,319,7,2,2017-11-15,Eligible,Passed,Offered,Enrolled,Selection,
95,320,5,5,2017-07-04,Eligible,Passed,Offered,Enrolled,Selection,
96,321,5,1,2017-03-21,Eligible,Passed,Offered,Enrolled,Selection,
97,322,5,1,2017-11-13,Eligible,Passed,Offered,Enrolled,Selection,
98,323,7,3,2017-03-15,Eligible,Passed,Offered,Enrolled,Selection,
99,324,5,5,2017-12-05,Eligible,Passed,Offered,Enrolled,Selection,
100,325,5,1,2017-02-17,Eligible,Failed,Not Offered,Rejected,Interview,7.0
101,326,5,2,2017-01-21,Eligible,Passed,Offered,Enrolled,Selection,
102,327,5,1,2017-10-19,Eligible,Passed,Offered,Enrolled,Selection,
103,328,5,4,2017-04-20,Eligible,Passed,Offered,Enrolled,Selection,
104,329,5,5,2017-03-25,Eligible,Passed,Offered,Enrolled,Selection,
105,330,6,5,2017-12-28,Eligible,Failed,Not Offered,Rejected,Interview,7.0
106,331,5,1,2017-02-15,Eligible,Failed,Not Offered,Rejected,Interview,7.0
107,332,5,1,2017-01-15,Eligible,Passed,Offered,Enrolled,Selection,
108,333,5,3,2017-09-19,Eligible,Passed,Offered,Enrolled,Selection,
109,334,6,5,2017-02-18,Eligible,Passed,Offered,Enrolled,Selection,
110,344,6,3,2017-09-11,Eligible,Passed,Offered,Enrolled,Selection,
111,345,7,5,2017-01-27,Eligible,Passed,Offered,Enrolled,Selection,
112,346,6,1,2017-01-04,Eligible,Failed,Not Offered,Rejected,Interview,6.0
113,362,6,4,2017-01-22,Eligible,Passed,Offered,Enrolled,Selection,
114,364,7,1,2017-08-21,Eligible,Passed,Offered,Enrolled,Selection,
115,365,6,2,2017-09-16,Eligible,Passed,Offered,Enrolled,Selection,
116,369,7,1,2017-06-20,Eligible,Failed,Not Offered,Rejected,Interview,6.0
117,374,6,4,2017-02-27,Eligible,Passed,Offered,Enrolled,Selection,
118,376,7,4,2017-07-12,Eligible,Passed,Offered,Enrolled,Selection,
119,377,6,1,2017-03-03,Eligible,Passed,Offered,Enrolled,Selection,
120,379,6,1,2017-01-16,Eligible,Passed,Offered,Enrolled,Selection,
121,381,7,4,2017-08-11,Eligible,Failed,Not Offered,Rejected,Interview,7.0
122,383,6,3,2017-07-04,Eligible,Passed,Offered,Enrolled,Selection,
123,384,7,1,2017-10-22,Eligible,Failed,Not Offered,Rejected,Interview,6.0
124,387,6,2,2017-11-05,Eligible,Passed,Offered,Enrolled,Selection,
125,389,6,3,2017-08-10,Eligible,Passed,Offered,Enrolled,Selection,
126,398,6,1,2017-10-16,Not Eligible,Not Interviewed,Not Offered,Rejected,Eligibility,3.0
127,403,7,4,2017-11-05,Eligible,Passed,Offered,Enrolled,Selection,
128,411,6,4,2017-10-15,Eligible,Failed,Not Offered,Rejected,Interview,7.0
129,412,6,4,2017-07-11,Eligible,Passed,Offered,Enrolled,Selection,
130,413,7,5,2017-01-19,Eligible,Passed,Offered,Enrolled,Selection,
131,414,6,3,2017-01-11,Eligible,Passed,Offered,Enrolled,Selection,
132,416,7,3,2017-04-16,Eligible,Passed,Offered,Enrolled,Selection,
133,424,6,2,2017-12-22,Not Eligible,Not Interviewed,Not Offered,Rejected,Eligibility,2.0
134,426,7,5,2017-11-04,Eligible,Failed,Not Offered,Rejected,Interview,6.0
135,429,6,4,2017-01-20,Eligible,Passed,Offered,Enrolled,Selection,
136,443,6,5,2017-04-14,Eligible,Passed,Offered,Enrolled,Selection,
137,444,6,3,2017-07-07,Eligible,Passed,Offered,Enrolled,Selection,
138,447,7,2,2017-01-05,Eligible,Failed,Not Offered,Rejected,Interview,7.0
139,448,6,2,2017-10-27,Eligible,Passed,Offered,Enrolled,Selection,
140,450,7,4,2017-12-22,Eligible,Passed,Offered,Enrolled,Selection,
141,455,7,2,2017-05-21,Eligible,Failed,Not Offered,Rejected,Interview,7.0
142,460,6,3,2017-09-27,Eligible,Passed,Offered,Enrolled,Selection,
143,464,6,1,2017-03-07,Eligible,Passed,Offered,Enrolled,Selection,
144,465,7,1,2017-11-01,Eligible,Passed,Offered,Enrolled,Selection,
145,472,7,5,2017-06-01,Not Eligible,Not Interviewed,Not Offered,Rejected,Eligibility,4.0
146,510,7,1,2017-12-05,Eligible,Passed,Offered,Enrolled,Selection,
147,521,7,2,2017-12-01,Eligible,Failed,Not Offered,Rejected,Interview,7.0
148,538,7,7,2017-06-01,Eligible,Passed,Offered,Enrolled,Selection,
149,556,7,3,2017-09-01,Eligible,Failed,Not Offered,Rejected,Interview,6.0
150,568,7,1,2017-08-17,Eligible,Passed,Offered,Enrolled,Selection,
151,569,7,1,2017-06-10,Eligible,Passed,Offered,Enrolled,Selection,
152,572,7,1,2017-06-26,Eligible,Passed,Offered,Enrolled,Selection,
153,578,7,1,2017-11-08,Eligible,Passed,Offered,Enrolled,Selection,
154,583,7,4,2017-08-25,Eligible,Passed,Offered,Enrolled,Selection,
155,600,7,1,2017-08-19,Eligible,Passed,Offered,Enrolled,Selection,
156,601,10,3,2018-04-07,Eligible,Passed,Offered,Enrolled,Selection,
157,602,9,7,2018-05-20,Eligible,Passed,Offered,Enrolled,Selection,
158,603,9,1,2018-07-25,Eligible,Passed,Offered,Enrolled,Selection,
159,604,9,3,2018-04-11,Eligible,Passed,Offered,Enrolled,Selection,
160,605,11,1,2018-10-08,Eligible,Passed,Offered,Enrolled,Selection,
161,606,9,1,2018-10-16,Eligible,Passed,Offered,Enrolled,Selection,
162,607,11,5,2018-02-05,Not Eligible,Not Interviewed,Not Offered,Rejected,Eligibility,3.0
163,608,9,2,2018-12-12,Eligible,Passed,Offered,Enrolled,Selection,
164,610,9,3,2018-06-25,Eligible,Passed,Offered,Enrolled,Selection,
165,611,9,1,2018-03-10,Eligible,Passed,Offered,Enrolled,Selection,
166,612,9,1,2018-04-01,Eligible,Passed,Offered,Enrolled,Selection,
167,613,11,1,2018-05-24,Eligible,Passed,Offered,Enrolled,Selection,
168,615,11,4,2018-08-10,Eligible,Passed,Offered,Enrolled,Selection,
169,616,10,3,2018-04-21,Eligible,Passed,Offered,Enrolled,Selection,
170,617,9,1,2018-05-14,Eligible,Failed,Not Offered,Rejected,Interview,7.0
171,618,9,1,2018-09-07,Not Eligible,Not Interviewed,Not Offered,Rejected,Eligibility,3.0
172,619,11,1,2018-01-10,Eligible,Passed,Offered,Enrolled,Selection,
173,620,9,2,2018-06-25,Eligible,Passed,Offered,Enrolled,Selection,
174,621,9,3,2018-01-02,Eligible,Failed,Not Offered,Rejected,Interview,7.0
175,622,11,2,2018-07-05,Eligible,Failed,Not Offered,Rejected,Interview,6.0
176,623,11,1,2018-10-28,Eligible,Passed,Offered,Enrolled,Selection,
177,624,9,1,2018-08-10,Eligible,Passed,Offered,Enrolled,Selection,
178,625,9,4,2018-02-21,Eligible,Passed,Offered,Enrolled,Selection,
179,626,9,1,2018-01-25,Eligible,Passed,Offered,Enrolled,Selection,
180,627,9,4,2018-11-08,Eligible,Passed,Offered,Enrolled,Selection,
181,628,10,4,2018-01-14,Eligible,Passed,Offered,Enrolled,Selection,
182,629,10,1,2018-05-17,Eligible,Passed,Offered,Enrolled,Selection,
183,630,11,1,2018-01-10,Eligible,Passed,Offered,Enrolled,Selection,
184,631,9,1,2018-05-27,Eligible,Passed,Offered,Enrolled,Selection,
185,632,9,1,2018-09-19,Eligible,Passed,Offered,Enrolled,Selection,
186,633,9,2,2018-08-28,Eligible,Passed,Offered,Enrolled,Selection,
187,634,9,1,2018-05-27,Eligible,Passed,Offered,Enrolled,Selection,
188,635,9,1,2018-01-28,Eligible,Passed,Offered,Enrolled,Selection,
189,636,9,1,2018-06-04,Eligible,Passed,Offered,Enrolled,Selection,
190,638,9,5,2018-02-28,Not Eligible,Not Interviewed,Not Offered,Rejected,Eligibility,4.0
191,640,9,6,2018-12-03,Eligible,Passed,Offered,Enrolled,Selection,
192,641,9,3,2018-11-21,Eligible,Passed,Offered,Enrolled,Selection,
193,642,11,1,2018-03-10,Eligible,Failed,Not Offered,Rejected,Interview,7.0
194,643,9,3,2018-06-21,Eligible,Passed,Offered,Enrolled,Selection,
195,644,11,3,2018-10-11,Eligible,Passed,Offered,Enrolled,Selection,
196,645,9,1,2018-03-25,Eligible,Passed,Offered,Enrolled,Selection,
197,646,11,6,2018-09-04,Eligible,Passed,Offered,Enrolled,Selection,
198,647,11,6,2018-02-10,Eligible,Passed,Offered,Enrolled,Selection,
199,648,9,6,2018-04-05,Eligible,Passed,Offered,Enrolled,Selection,
200,649,11,3,2018-03-13,Eligible,Passed,Offered,Enrolled,Selection,
201,650,11,2,2018-09-27,Eligible,Passed,Offered,Enrolled,Selection,
202,651,10,3,2018-07-22,Eligible,Passed,Offered,Enrolled,Selection,
203,652,9,5,2018-08-01,Eligible,Passed,Offered,Enrolled,Selection,
204,654,9,2,2018-08-12,Eligible,Passed,Offered,Enrolled,Selection,
205,655,10,1,2018-02-12,Eligible,Passed,Offered,Enrolled,Selection,
206,656,9,4,2018-12-27,Eligible,Passed,Offered,Enrolled,Selection,
207,657,9,1,2018-12-21,Eligible,Passed,Offered,Enrolled,Selection,
208,662,11,4,2018-04-13,Eligible,Passed,Offered,Enrolled,Selection,
209,664,10,3,2018-01-18,Eligible,Passed,Offered,Enrolled,Selection,
210,665,11,1,2018-10-19,Eligible,Passed,Offered,Enrolled,Selection,
211,668,11,4,2018-12-18,Eligible,Passed,Offered,Enrolled,Selection,
212,669,11,3,2018-02-05,Eligible,Passed,Offered,Enrolled,Selection,
213,670,11,5,2018-12-16,Eligible,Passed,Offered,Enrolled,Selection,
214,671,11,2,2018-10-12,Eligible,Failed,Not Offered,Rejected,Interview,6.0
215,674,11,3,2018-01-27,Eligible,Failed,Not Offered,Rejected,Interview,6.0
216,675,11,4,2018-02-26,Eligible,Passed,Offered,Enrolled,Selection,
217,676,10,1,2018-02-05,Eligible,Passed,Offered,Enrolled,Selection,
218,678,10,2,2018-09-16,Eligible,Passed,Offered,Enrolled,Selection,
219,680,11,2,2018-02-22,Eligible,Passed,Offered,Enrolled,Selection,
220,681,10,1,2018-05-08,Eligible,Passed,Offered,Enrolled,Selection,
221,683,11,1,2018-04-20,Eligible,Passed,Offered,Enrolled,Selection,
222,684,11,1,2018-01-21,Eligible,Failed,Not Offered,Rejected,Interview,6.0
223,687,10,1,2018-06-26,Eligible,Passed,Offered,Enrolled,Selection,
224,693,11,1,2018-07-26,Eligible,Passed,Offered,Enrolled,Selection,
225,698,11,1,2018-03-08,Eligible,Passed,Offered,Enrolled,Selection,
226,699,10,3,2018-03-11,Eligible,Failed,Not Offered,Rejected,Interview,6.0
227,700,10,3,2018-08-28,Eligible,Failed,Not Offered,Rejected,Interview,6.0
228,701,10,1,2018-08-25,Eligible,Failed,Not Offered,Rejected,Interview,7.0
229,702,10,1,2018-03-28,Eligible,Failed,Not Offered,Rejected,Interview,7.0
230,711,10,1,2018-11-24,Eligible,Passed,Offered,Enrolled,Selection,
231,712,10,5,2018-04-09,Eligible,Passed,Offered,Enrolled,Selection,
232,721,10,1,2018-01-20,Eligible,Passed,Offered,Enrolled,Selection,
233,722,11,4,2018-06-03,Eligible,Passed,Offered,Enrolled,Selection,
234,726,10,5,2018-02-16,Eligible,Passed,Offered,Enrolled,Selection,
235,731,10,1,2018-11-20,Eligible,Passed,Offered,Enrolled,Selection,
236,733,10,1,2018-11-23,Eligible,Passed,Offered,Enrolled,Selection,
237,734,10,3,2018-12-23,Eligible,Passed,Offered,Enrolled,Selection,
238,736,10,2,2018-05-06,Eligible,Passed,Offered,Enrolled,Selection,
239,741,10,1,2018-03-24,Eligible,Passed,Offered,Enrolled,Selection,
240,744,10,7,2018-12-21,Eligible,Passed,Offered,Enrolled,Selection,
241,745,10,7,2018-06-19,Eligible,Passed,Offered,Enrolled,Selection,
242,749,10,1,2018-06-06,Eligible,Passed,Offered,Enrolled,Selection,
243,752,10,7,2018-01-24,Eligible,Passed,Offered,Enrolled,Selection,
244,753,11,1,2018-12-03,Eligible,Passed,Offered,Enrolled,Selection,
245,754,11,5,2018-01-15,Eligible,Passed,Offered,Enrolled,Selection,
246,757,11,1,2018-08-11,Eligible,Passed,Offered,Enrolled,Selection,
247,758,10,1,2018-01-28,Eligible,Passed,Offered,Enrolled,Selection,
248,763,11,2,2018-10-24,Eligible,Passed,Offered,Enrolled,Selection,
249,768,11,1,2018-12-08,Eligible,Passed,Offered,Enrolled,Selection,
250,770,11,1,2018-03-17,Eligible,Passed,Offered,Enrolled,Selection,
251,772,10,1,2018-10-09,Eligible,Passed,Offered,Enrolled,Selection,
252,774,10,2,2018-03-28,Eligible,Passed,Offered,Enrolled,Selection,
253,780,10,1,2018-07-06,Eligible,Passed,Offered,Enrolled,Selection,
254,1051,13,1,2019-09-26,Eligible,Passed,Offered,Enrolled,Selection,
255,1052,16,5,2019-08-22,Eligible,Passed,Offered,Enrolled,Selection,
256,1053,14,1,2019-12-05,Eligible,Passed,Offered,Enrolled,Selection,
257,1054,13,4,2019-03-27,Eligible,Passed,Offered,Enrolled,Selection,
258,1055,16,1,2019-04-01,Eligible,Passed,Offered,Enrolled,Selection,
259,1056,13,7,2019-07-08,Eligible,Failed,Not Offered,Rejected,Interview,7.0
260,1057,15,1,2019-06-03,Eligible,Passed,Offered,Enrolled,Selection,
261,1058,15,3,2019-03-02,Eligible,Passed,Offered,Enrolled,Selection,
262,1059,13,1,2019-04-25,Eligible,Failed,Not Offered,Rejected,Interview,7.0
263,1060,16,1,2019-03-05,Eligible,Passed,Offered,Enrolled,Selection,
264,1061,13,1,2019-11-19,Eligible,Passed,Offered,Enrolled,Selection,
265,1062,15,1,2019-02-19,Eligible,Passed,Offered,Enrolled,Selection,
266,1063,15,1,2019-05-18,Eligible,Passed,Offered,Enrolled,Selection,
267,1064,13,3,2019-04-12,Eligible,Passed,Offered,Enrolled,Selection,
268,1065,13,1,2019-04-11,Eligible,Passed,Offered,Enrolled,Selection,
269,1066,15,4,2019-06-20,Eligible,Passed,Offered,Enrolled,Selection,
270,1067,14,1,2019-04-10,Eligible,Failed,Not Offered,Rejected,Interview,6.0
271,1068,15,2,2019-07-09,Eligible,Passed,Offered,Enrolled,Selection,
272,1069,15,5,2019-09-21,Eligible,Passed,Offered,Enrolled,Selection,
273,1070,14,2,2019-09-12,Eligible,Failed,Not Offered,Rejected,Interview,7.0
274,1071,14,1,2019-02-05,Eligible,Passed,Offered,Enrolled,Selection,
275,1072,13,1,2019-11-27,Eligible,Passed,Offered,Enrolled,Selection,
276,1073,13,1,2019-09-18,Eligible,Passed,Offered,Enrolled,Selection,
277,1074,16,1,2019-01-10,Eligible,Passed,Offered,Enrolled,Selection,
278,1075,14,5,2019-11-03,Eligible,Passed,Offered,Enrolled,Selection,
279,1076,16,2,2019-03-06,Eligible,Passed,Offered,Enrolled,Selection,
280,1077,14,2,2019-06-13,Eligible,Passed,Offered,Enrolled,Selection,
281,1078,13,5,2019-07-05,Eligible,Failed,Not Offered,Rejected,Interview,7.0
282,1079,14,3,2019-05-27,Eligible,Passed,Offered,Enrolled,Selection,
283,1080,13,5,2019-03-10,Eligible,Passed,Offered,Enrolled,Selection,
284,1081,13,3,2019-03-09,Eligible,Passed,Offered,Enrolled,Selection,
285,1082,13,2,2019-12-11,Eligible,Passed,Offered,Enrolled,Selection,
286,1083,15,5,2019-08-17,Eligible,Passed,Offered,Enrolled,Selection,
287,1084,15,2,2019-05-23,Eligible,Passed,Offered,Enrolled,Selection,
288,1085,14,5,2019-05-05,Eligible,Passed,Offered,Enrolled,Selection,
289,1086,13,5,2019-01-10,Eligible,Passed,Offered,Enrolled,Selection,
290,1087,14,1,2019-06-07,Eligible,Passed,Offered,Enrolled,Selection,
291,1088,13,1,2019-03-06,Eligible,Passed,Offered,Enrolled,Selection,
292,1089,14,2,2019-07-07,Eligible,Passed,Offered,Enrolled,Selection,
293,1090,14,1,2019-05-20,Eligible,Passed,Offered,Enrolled,Selection,
294,1091,14,1,2019-02-27,Eligible,Passed,Offered,Enrolled,Selection,
295,1092,13,1,2019-05-01,Eligible,Failed,Not Offered,Rejected,Interview,6.0
296,1093,14,1,2019-08-08,Eligible,Passed,Offered,Enrolled,Selection,
297,1094,14,1,2019-07-26,Eligible,Failed,Not Offered,Rejected,Interview,6.0
298,1095,13,4,2019-12-28,Eligible,Passed,Offered,Enrolled,Selection,
299,1096,14,2,2019-01-08,Eligible,Passed,Offered,Enrolled,Selection,
300,1097,13,1,2019-06-21,Not Eligible,Not Interviewed,Not Offered,Rejected,Eligibility,1.0
301,1098,15,5,2019-09-23,Eligible,Passed,Offered,Enrolled,Selection,
302,1099,15,1,2019-11-04,Eligible,Passed,Offered,Enrolled,Selection,
303,1100,16,7,2019-03-07,Eligible,Passed,Offered,Enrolled,Selection,
304,1101,15,2,2019-11-02,Eligible,Passed,Offered,Enrolled,Selection,
305,1102,14,1,2019-09-23,Eligible,Passed,Offered,Enrolled,Selection,
306,1103,16,4,2019-07-25,Eligible,Failed,Not Offered,Rejected,Interview,6.0
307,1104,16,1,2019-11-01,Eligible,Passed,Offered,Enrolled,Selection,
308,1105,15,3,2019-08-01,Eligible,Failed,Not Offered,Rejected,Interview,6.0
309,1106,14,1,2019-05-04,Eligible,Failed,Not Offered,Rejected,Interview,6.0
310,1107,13,1,2019-10-06,Eligible,Passed,Offered,Enrolled,Selection,
311,1108,14,5,2019-09-06,Eligible,Passed,Offered,Enrolled,Selection,
312,1109,15,1,2019-10-24,Eligible,Passed,Offered,Enrolled,Selection,
313,1110,15,2,2019-11-13,Eligible,Passed,Offered,Enrolled,Selection,
314,1111,16,1,2019-05-14,Eligible,Passed,Offered,Enrolled,Selection,
315,1112,13,2,2019-04-09,Eligible,Passed,Offered,Enrolled,Selection,
316,1113,13,4,2019-03-04,Eligible,Passed,Offered,Enrolled,Selection,
317,1114,13,1,2019-05-15,Eligible,Passed,Offered,Enrolled,Selection,
318,1115,13,5,2019-09-08,Not Eligible,Not Interviewed,Not Offered,Rejected,Eligibility,1.0
319,1116,14,1,2019-02-23,Eligible,Passed,Offered,Enrolled,Selection,
320,1117,13,3,2019-03-06,Eligible,Failed,Not Offered,Rejected,Interview,6.0
321,1118,13,5,2019-11-02,Eligible,Passed,Offered,Enrolled,Selection,
322,1119,14,2,2019-08-04,Eligible,Passed,Offered,Enrolled,Selection,
323,1120,13,1,2019-07-03,Eligible,Passed,Offered,Enrolled,Selection,
324,1121,13,1,2019-01-10,Eligible,Passed,Offered,Enrolled,Selection,
325,1122,13,1,2019-09-19,Eligible,Passed,Offered,Enrolled,Selection,
326,1123,13,1,2019-05-08,Eligible,Passed,Offered,Enrolled,Selection,
327,1124,13,4,2019-09-20,Eligible,Passed,Offered,Enrolled,Selection,
328,1125,14,6,2019-07-09,Eligible,Passed,Offered,Enrolled,Selection,
329,1126,14,2,2019-02-27,Eligible,Passed,Offered,Enrolled,Selection,
330,1127,13,3,2019-01-11,Eligible,Passed,Offered,Enrolled,Selection,
331,1128,14,5,2019-04-17,Eligible,Passed,Offered,Enrolled,Selection,
332,1129,15,3,2019-11-28,Eligible,Passed,Offered,Enrolled,Selection,
333,1130,15,2,2019-02-21,Eligible,Failed,Not Offered,Rejected,Interview,6.0
334,1131,13,1,2019-01-08,Eligible,Passed,Offered,Enrolled,Selection,
335,1132,14,5,2019-02-28,Eligible,Passed,Offered,Enrolled,Selection,
336,1133,13,1,2019-08-03,Eligible,Failed,Not Offered,Rejected,Interview,7.0
337,1134,13,4,2019-11-08,Eligible,Passed,Offered,Enrolled,Selection,
338,1135,13,3,2019-09-08,Eligible,Passed,Offered,Enrolled,Selection,
339,1136,13,2,2019-12-22,Eligible,Passed,Offered,Enrolled,Selection,
340,1137,13,5,2019-09-01,Eligible,Passed,Offered,Enrolled,Selection,
341,1138,16,4,2019-06-26,Eligible,Failed,Not Offered,Rejected,Interview,7.0
342,1139,13,1,2019-09-15,Eligible,Passed,Offered,Enrolled,Selection,
343,1140,16,4,2019-09-04,Eligible,Passed,Offered,Enrolled,Selection,
344,1141,15,2,2019-09-08,Eligible,Failed,Not Offered,Rejected,Interview,6.0
345,1142,13,4,2019-11-28,Eligible,Passed,Offered,Enrolled,Selection,
346,1143,13,6,2019-03-01,Eligible,Passed,Offered,Enrolled,Selection,
347,1144,13,3,2019-02-02,Eligible,Passed,Offered,Enrolled,Selection,
348,1145,15,3,2019-10-14,Eligible,Passed,Offered,Enrolled,Selection,
349,1146,13,1,2019-05-13,Eligible,Passed,Offered,Enrolled,Selection,
350,1147,13,2,2019-07-24,Eligible,Passed,Offered,Enrolled,Selection,
351,1148,14,3,2019-01-01,Eligible,Passed,Offered,Enrolled,Selection,
352,1152,15,1,2019-04-05,Eligible,Passed,Offered,Enrolled,Selection,
353,1154,16,1,2019-09-22,Eligible,Passed,Offered,Enrolled,Selection,
354,1162,16,1,2019-05-10,Eligible,Passed,Offered,Enrolled,Selection,
355,1163,15,2,2019-09-05,Not Eligible,Not Interviewed,Not Offered,Rejected,Eligibility,2.0
356,1164,15,1,2019-04-26,Eligible,Passed,Offered,Enrolled,Selection,
357,1165,14,3,2019-12-11,Eligible,Passed,Offered,Enrolled,Selection,
358,1169,16,2,2019-07-18,Eligible,Passed,Offered,Enrolled,Selection,
359,1170,16,2,2019-03-28,Eligible,Passed,Offered,Enrolled,Selection,
360,1171,16,4,2019-01-14,Eligible,Passed,Offered,Enrolled,Selection,
361,1174,15,1,2019-05-17,Eligible,Passed,Offered,Enrolled,Selection,
362,1175,14,3,2019-03-03,Eligible,Failed,Not Offered,Rejected,Interview,6.0
363,1176,16,2,2019-04-16,Eligible,Passed,Offered,Enrolled,Selection,
364,1177,15,1,2019-02-26,Eligible,Failed,Not Offered,Rejected,Interview,7.0
365,1178,16,2,2019-07-05,Eligible,Failed,Not Offered,Rejected,Interview,7.0
366,1179,16,5,2019-08-11,Eligible,Passed,Offered,Enrolled,Selection,
367,1180,14,3,2019-07-04,Eligible,Passed,Offered,Enrolled,Selection,
368,1181,14,2,2019-01-15,Eligible,Passed,Offered,Enrolled,Selection,
369,1182,14,3,2019-04-26,Eligible,Passed,Offered,Enrolled,Selection,
370,1187,15,4,2019-03-16,Eligible,Failed,Not Offered,Rejected,Interview,7.0
371,1188,15,3,2019-02-05,Eligible,Failed,Not Offered,Rejected,Interview,7.0
372,1190,15,3,2019-06-13,Eligible,Passed,Offered,Enrolled,Selection,
373,1191,15,3,2019-05-27,Eligible,Passed,Offered,Enrolled,Selection,
374,1193,15,1,2019-07-16,Eligible,Passed,Offered,Enrolled,Selection,
375,1197,15,3,2019-02-27,Eligible,Passed,Offered,Enrolled,Selection,
376,1200,15,1,2019-05-19,Eligible,Passed,Offered,Enrolled,Selection,
377,1203,14,2,2019-03-15,Eligible,Passed,Offered,Enrolled,Selection,
378,1204,14,1,2019-08-12,Eligible,Passed,Offered,Enrolled,Selection,
379,1205,15,5,2019-04-20,Eligible,Passed,Offered,Enrolled,Selection,
380,1207,16,3,2019-04-07,Eligible,Passed,Offered,Enrolled,Selection,
381,1213,15,5,2019-12-24,Eligible,Passed,Offered,Enrolled,Selection,
382,1215,14,3,2019-07-09,Eligible,Failed,Not Offered,Rejected,Interview,6.0
383,1216,14,7,2019-05-13,Eligible,Failed,Not Offered,Rejected,Interview,6.0
384,1217,15,1,2019-02-18,Eligible,Failed,Not Offered,Rejected,Interview,7.0
385,1218,15,5,2019-04-09,Not Eligible,Not Interviewed,Not Offered,Rejected,Eligibility,2.0
386,1219,14,1,2019-06-27,Eligible,Passed,Offered,Enrolled,Selection,
387,1220,16,1,2019-09-20,Eligible,Passed,Offered,Enrolled,Selection,
388,1222,15,3,2019-02-15,Eligible,Passed,Offered,Enrolled,Selection,
389,1223,15,5,2019-12-04,Eligible,Passed,Offered,Enrolled,Selection,
390,1225,16,5,2019-12-06,Eligible,Passed,Offered,Enrolled,Selection,
391,1227,14,1,2019-07-24,Eligible,Passed,Offered,Enrolled,Selection,
392,1229,14,3,2019-12-13,Eligible,Passed,Offered,Enrolled,Selection,
393,1230,15,1,2019-09-12,Eligible,Passed,Offered,Enrolled,Selection,
394,1231,15,1,2019-09-13,Eligible,Passed,Offered,Enrolled,Selection,
395,1232,16,1,2019-08-22,Eligible,Passed,Offered,Enrolled,Selection,
396,1233,15,1,2019-11-17,Eligible,Passed,Offered,Enrolled,Selection,
397,1236,15,1,2019-09-27,Eligible,Passed,Offered,Enrolled,Selection,
398,1237,15,3,2019-05-20,Eligible,Passed,Offered,Enrolled,Selection,
399,1240,15,2,2019-11-09,Eligible,Passed,Offered,Enrolled,Selection,
400,1241,15,3,2019-08-02,Eligible,Failed,Not Offered,Rejected,Interview,7.0
401,1242,16,2,2019-07-18,Eligible,Passed,Offered,Enrolled,Selection,
402,1243,16,5,2019-02-03,Eligible,Passed,Offered,Enrolled,Selection,
403,1247,14,1,2019-12-10,Eligible,Passed,Offered,Enrolled,Selection,
404,1250,14,1,2019-07-19,Eligible,Failed,Not Offered,Rejected,Interview,7.0
405,1252,14,3,2019-03-02,Eligible,Passed,Offered,Enrolled,Selection,
406,1253,16,4,2019-05-10,Eligible,Passed,Offered,Enrolled,Selection,
407,1254,16,5,2019-10-16,Eligible,Passed,Offered,Enrolled,Selection,
408,1255,16,6,2019-12-21,Eligible,Passed,Offered,Enrolled,Selection,
409,1256,14,4,2019-10-27,Eligible,Passed,Offered,Enrolled,Selection,
410,1257,16,5,2019-07-19,Eligible,Passed,Offered,Enrolled,Selection,
411,1258,14,1,2019-10-11,Eligible,Passed,Offered,Enrolled,Selection,
412,1260,15,3,2019-05-09,Eligible,Passed,Offered,Enrolled,Selection,
413,1264,14,6,2019-12-18,Eligible,Passed,Offered,Enrolled,Selection,
414,1267,16,2,2019-01-22,Eligible,Passed,Offered,Enrolled,Selection,
415,1272,16,3,2019-09-21,Eligible,Passed,Offered,Enrolled,Selection,
416,1278,16,3,2019-12-21,Eligible,Passed,Offered,Enrolled,Selection,
417,1282,16,1,2019-01-20,Eligible,Passed,Offered,Enrolled,Selection,
418,1288,16,1,2019-10-17,Eligible,Passed,Offered,Enrolled,Selection,
419,1294,16,1,2019-02-28,Eligible,Passed,Offered,Enrolled,Selection,
420,1325,16,1,2019-05-04,Eligible,Failed,Not Offered,Rejected,Interview,7.0
421,1356,16,1,2019-07-02,Eligible,Passed,Offered,Enrolled,Selection,
422,1358,16,3,2019-05-11,Eligible,Passed,Offered,Enrolled,Selection,
423,1373,16,4,2019-08-25,Eligible,Passed,Offered,Enrolled,Selection,
424,1751,27,3,2020-06-23,Eligible,Failed,Not Offered,Rejected,Interview,7.0
425,1752,27,3,2020-07-05,Eligible,Passed,Offered,Enrolled,Selection,
426,1753,27,1,2020-06-22,Eligible,Passed,Offered,Enrolled,Selection,
427,1754,26,5,2020-02-05,Eligible,Failed,Not Offered,Rejected,Interview,7.0
428,1755,27,6,2020-11-23,Eligible,Passed,Offered,Enrolled,Selection,
429,1756,27,5,2020-09-04,Eligible,Passed,Offered,Enrolled,Selection,
430,1757,27,5,2020-09-28,Eligible,Passed,Offered,Enrolled,Selection,
431,1758,26,2,2020-12-21,Eligible,Passed,Offered,Enrolled,Selection,
432,1759,27,1,2020-03-08,Eligible,Passed,Offered,Enrolled,Selection,
433,1760,27,4,2020-11-24,Eligible,Passed,Offered,Enrolled,Selection,
434,1761,26,7,2020-04-18,Eligible,Passed,Offered,Enrolled,Selection,
435,1762,26,3,2020-01-15,Eligible,Failed,Not Offered,Rejected,Interview,6.0
436,1763,26,4,2020-09-09,Eligible,Passed,Offered,Enrolled,Selection,
437,1764,26,3,2020-06-15,Eligible,Failed,Not Offered,Rejected,Interview,7.0
438,1765,26,3,2020-01-07,Eligible,Failed,Not Offered,Rejected,Interview,7.0
439,1766,26,6,2020-08-08,Eligible,Failed,Not Offered,Rejected,Interview,7.0
440,1767,27,1,2020-12-16,Eligible,Passed,Offered,Enrolled,Selection,
441,1768,27,7,2020-04-07,Eligible,Failed,Not Offered,Rejected,Interview,6.0
442,1769,26,1,2020-04-26,Eligible,Passed,Offered,Enrolled,Selection,
443,1770,26,1,2020-04-25,Eligible,Failed,Not Offered,Rejected,Interview,6.0
444,1771,26,5,2020-09-26,Eligible,Passed,Offered,Enrolled,Selection,
445,1772,26,2,2020-02-12,Eligible,Passed,Offered,Enrolled,Selection,
446,1773,27,3,2020-12-05,Eligible,Passed,Offered,Enrolled,Selection,
447,1774,26,4,2020-06-25,Eligible,Passed,Offered,Enrolled,Selection,
448,1775,27,3,2020-11-22,Eligible,Failed,Not Offered,Rejected,Interview,7.0
449,1776,26,1,2020-12-01,Eligible,Passed,Offered,Enrolled,Selection,
450,1777,26,1,2020-04-20,Eligible,Passed,Offered,Enrolled,Selection,
451,1778,26,3,2020-04-02,Eligible,Passed,Offered,Enrolled,Selection,
452,1779,26,1,2020-03-06,Eligible,Passed,Offered,Enrolled,Selection,
453,1780,27,1,2020-07-13,Eligible,Passed,Offered,Enrolled,Selection,
454,1781,26,7,2020-08-14,Eligible,Failed,Not Offered,Rejected,Interview,7.0
455,1782,26,5,2020-07-14,Eligible,Passed,Offered,Enrolled,Selection,
456,1783,26,1,2020-02-18,Eligible,Passed,Offered,Enrolled,Selection,
457,1784,26,1,2020-07-17,Eligible,Passed,Offered,Enrolled,Selection,
458,1785,26,1,2020-04-10,Eligible,Passed,Offered,Enrolled,Selection,
459,1786,26,5,2020-06-28,Eligible,Passed,Offered,Enrolled,Selection,
460,1787,27,3,2020-12-03,Eligible,Passed,Offered,Enrolled,Selection,
461,1788,27,5,2020-05-04,Eligible,Passed,Offered,Enrolled,Selection,
462,1789,27,2,2020-10-11,Eligible,Passed,Offered,Enrolled,Selection,
463,1790,26,1,2020-02-20,Eligible,Passed,Offered,Enrolled,Selection,
464,1791,27,3,2020-10-14,Eligible,Passed,Offered,Enrolled,Selection,
465,1792,26,2,2020-12-26,Eligible,Passed,Offered,Enrolled,Selection,
466,1793,26,4,2020-01-19,Eligible,Passed,Offered,Enrolled,Selection,
467,1794,26,3,2020-01-13,Eligible,Failed,Not Offered,Rejected,Interview,6.0
468,1795,27,1,2020-02-18,Eligible,Passed,Offered,Enrolled,Selection,
469,1796,27,3,2020-08-19,Eligible,Passed,Offered,Enrolled,Selection,
470,1797,26,3,2020-11-04,Eligible,Passed,Offered,Enrolled,Selection,
471,1798,26,6,2020-02-23,Eligible,Passed,Offered,Enrolled,Selection,
472,1799,26,7,2020-05-09,Eligible,Passed,Offered,Enrolled,Selection,
473,1800,27,1,2020-06-19,Eligible,Passed,Offered,Enrolled,Selection,
474,1801,27,1,2020-11-25,Eligible,Passed,Offered,Enrolled,Selection,
475,1802,27,1,2020-05-22,Eligible,Passed,Offered,Enrolled,Selection,
476,1803,27,1,2020-01-25,Eligible,Passed,Offered,Enrolled,Selection,
477,1804,27,1,2020-11-10,Eligible,Passed,Offered,Enrolled,Selection,
478,1805,27,1,2020-01-17,Eligible,Passed,Offered,Enrolled,Selection,
479,3101,34,2,2021-06-10,Eligible,Passed,Offered,Enrolled,Selection,
480,3103,34,4,2021-02-12,Eligible,Passed,Offered,Enrolled,Selection,
481,3105,34,1,2021-07-14,Eligible,Failed,Not Offered,Rejected,Interview,7.0
482,3106,34,1,2021-03-09,Eligible,Passed,Offered,Enrolled,Selection,
483,3107,34,5,2021-06-03,Eligible,Failed,Not Offered,Rejected,Interview,7.0
484,3108,34,4,2021-05-20,Eligible,Passed,Offered,Enrolled,Selection,
485,3109,34,2,2021-02-13,Eligible,Passed,Offered,Enrolled,Selection,
486,3111,34,6,2021-06-07,Eligible,Passed,Offered,Enrolled,Selection,
487,3112,34,1,2021-04-09,Eligible,Passed,Offered,Enrolled,Selection,
488,3114,34,3,2021-02-06,Eligible,Passed,Offered,Enrolled,Selection,
489,3115,34,1,2021-01-09,Eligible,Passed,Offered,Enrolled,Selection,
490,3117,34,5,2021-06-05,Eligible,Passed,Offered,Enrolled,Selection,
491,3118,34,3,2021-03-01,Eligible,Passed,Offered,Enrolled,Selection,
492,3119,34,3,2021-08-18,Eligible,Passed,Offered,Enrolled,Selection,
493,3120,34,1,2021-11-08,Eligible,Passed,Offered,Enrolled,Selection,
494,3123,34,5,2021-12-18,Eligible,Passed,Offered,Enrolled,Selection,
495,3124,34,2,2021-07-09,Eligible,Passed,Offered,Enrolled,Selection,
496,3125,34,2,2021-01-15,Eligible,Passed,Offered,Enrolled,Selection,
497,3126,34,6,2021-05-01,Eligible,Passed,Offered,Enrolled,Selection,
498,3127,34,1,2021-02-04,Eligible,Passed,Offered,Enrolled,Selection,
499,3128,34,3,2021-01-05,Eligible,Passed,Offered,Enrolled,Selection,
500,3130,34,1,2021-02-24,Eligible,Passed,Offered,Enrolled,Selection,
501,3131,34,3,2021-01-10,Eligible,Passed,Offered,Enrolled,Selection,
502,3134,34,2,2021-05-11,Eligible,Passed,Offered,Enrolled,Selection,
503,3135,34,1,2021-11-09,Eligible,Passed,Offered,Enrolled,Selection,
504,3136,34,3,2021-08-05,Eligible,Passed,Offered,Enrolled,Selection,
505,4201,48,4,2022-03-08,Eligible,Passed,Offered,Enrolled,Selection,
506,4202,48,2,2022-07-08,Eligible,Passed,Offered,Enrolled,Selection,
507,4203,48,1,2022-10-19,Eligible,Failed,Not Offered,Rejected,Interview,6.0
508,4204,48,2,2022-12-28,Eligible,Passed,Offered,Enrolled,Selection,
509,4206,48,5,2022-11-06,Eligible,Passed,Offered,Enrolled,Selection,
510,4209,48,3,2022-12-01,Eligible,Passed,Offered,Enrolled,Selection,
511,4210,48,3,2022-05-04,Eligible,Passed,Offered,Enrolled,Selection,
512,4211,48,6,2022-03-02,Eligible,Passed,Offered,Enrolled,Selection,
513,4213,48,5,2022-06-20,Eligible,Passed,Offered,Enrolled,Selection,
514,4214,48,1,2022-03-11,Eligible,Passed,Offered,Enrolled,Selection,
515,4215,48,1,2022-02-19,Eligible,Passed,Offered,Enrolled,Selection,
516,4217,48,3,2022-09-11,Eligible,Passed,Offered,Enrolled,Selection,
517,4218,48,3,2022-04-28,Eligible,Failed,Not Offered,Rejected,Interview,7.0
518,4220,48,3,2022-01-24,Eligible,Passed,Offered,Enrolled,Selection,
519,4221,48,5,2022-02-27,Eligible,Passed,Offered,Enrolled,Selection,
520,4223,48,1,2022-01-21,Eligible,Passed,Offered,Enrolled,Selection,
521,4224,48,7,2022-03-10,Eligible,Passed,Offered,Enrolled,Selection,
522,4225,48,4,2022-01-05,Eligible,Passed,Offered,Enrolled,Selection,
523,4226,48,3,2022-06-22,Eligible,Passed,Offered,Enrolled,Selection,
524,4227,48,3,2022-03-20,Eligible,Passed,Offered,Enrolled,Selection,
525,4230,48,1,2022-01-13,Eligible,Passed,Offered,Enrolled,Selection,
526,4232,48,2,2022-06-07,Eligible,Passed,Offered,Enrolled,Selection,
527,4233,48,2,2022-09-19,Eligible,Passed,Offered,Enrolled,Selection,
528,4234,48,3,2022-12-25,Eligible,Failed,Not Offered,Rejected,Interview,6.0
529,4235,48,4,2022-08-09,Eligible,Passed,Offered,Enrolled,Selection,
530,4236,48,6,2022-12-12,Not Eligible,Not Interviewed,Not Offered,Rejected,Eligibility,1.0
531,4237,48,1,2022-05-05,Not Eligible,Not Interviewed,Not Offered,Rejected,Eligibility,4.0
532,4238,48,1,2022-06-07,Eligible,Passed,Offered,Enrolled,Selection,
533,4239,48,7,2022-10-01,Eligible,Passed,Offered,Enrolled,Selection,
534,4241,48,6,2022-07-16,Eligible,Failed,Not Offered,Rejected,Interview,6.0
535,4242,48,1,2022-06-04,Eligible,Passed,Offered,Enrolled,Selection,
536,4243,48,4,2022-10-22,Eligible,Passed,Offered,Enrolled,Selection,
537,4244,48,3,2022-01-15,Eligible,Passed,Offered,Enrolled,Selection,
538,4246,48,5,2022-01-10,Eligible,Passed,Offered,Enrolled,Selection,
539,4247,48,4,2022-03-05,Eligible,Passed,Offered,Enrolled,Selection,
540,4250,48,1,2022-04-12,Eligible,Failed,Not Offered,Rejected,Interview,7.0
541,4251,48,5,2022-08-04,Eligible,Passed,Offered,Enrolled,Selection,
542,4254,48,1,2022-01-27,Eligible,Passed,Offered,Enrolled,Selection,
543,4256,48,7,2022-04-24,Eligible,Failed,Not Offered,Rejected,Interview,6.0
544,4257,48,1,2022-02-04,Eligible,Passed,Offered,Enrolled,Selection,
545,5901,62,5,2023-10-06,Eligible,Passed,Offered,Enrolled,Selection,
546,5903,62,5,2023-08-06,Eligible,Passed,Offered,Enrolled,Selection,
547,5904,62,1,2023-10-05,Eligible,Failed,Not Offered,Rejected,Interview,6.0
548,5905,62,1,2023-11-26,Eligible,Passed,Offered,Enrolled,Selection,
549,5906,62,1,2023-05-01,Not Eligible,Not Interviewed,Not Offered,Rejected,Eligibility,2.0
550,5908,62,2,2023-11-14,Eligible,Passed,Offered,Enrolled,Selection,
551,5909,62,1,2023-10-16,Eligible,Passed,Offered,Enrolled,Selection,
552,5910,62,1,2023-11-17,Eligible,Passed,Offered,Enrolled,Selection,
553,5911,62,4,2023-04-25,Not Eligible,Not Interviewed,Not Offered,Rejected,Eligibility,4.0
554,5912,62,1,2023-04-16,Eligible,Passed,Offered,Enrolled,Selection,
555,5915,62,1,2023-02-23,Eligible,Passed,Offered,Enrolled,Selection,
556,5916,62,3,2023-10-16,Eligible,Passed,Offered,Enrolled,Selection,
557,5917,62,5,2023-04-06,Eligible,Passed,Offered,Enrolled,Selection,
558,5918,62,3,2023-10-05,Eligible,Passed,Offered,Enrolled,Selection,
559,5919,62,1,2023-07-02,Eligible,Passed,Offered,Enrolled,Selection,
560,5922,62,1,2023-04-26,Eligible,Passed,Offered,Enrolled,Selection,
561,5923,62,1,2023-12-22,Eligible,Passed,Offered,Enrolled,Selection,
562,5924,62,1,2023-06-09,Eligible,Passed,Offered,Enrolled,Selection,
563,5926,62,3,2023-09-28,Eligible,Passed,Offered,Enrolled,Selection,
564,5927,62,1,2023-09-14,Eligible,Passed,Offered,Enrolled,Selection,
565,5929,62,3,2023-05-15,Eligible,Passed,Offered,Enrolled,Selection,
566,5930,62,3,2023-09-28,Eligible,Passed,Offered,Enrolled,Selection,
567,5931,62,6,2023-06-11,Eligible,Passed,Offered,Enrolled,Selection,
568,5932,62,1,2023-09-25,Eligible,Passed,Offered,Enrolled,Selection,
569,5935,62,1,2023-01-22,Eligible,Passed,Offered,Enrolled,Selection,
570,5937,62,1,2023-01-26,Eligible,Passed,Offered,Enrolled,Selection,
571,5942,62,1,2023-05-15,Eligible,Passed,Offered,Enrolled,Selection,
572,5945,62,7,2023-08-17,Eligible,Failed,Not Offered,Rejected,Interview,6.0
573,5946,62,1,2023-06-13,Eligible,Passed,Offered,Enrolled,Selection,
574,5947,62,1,2023-03-11,Eligible,Passed,Offered,Enrolled,Selection,
575,5950,62,1,2023-04-03,Eligible,Passed,Offered,Enrolled,Selection,
576,5951,62,1,2023-11-27,Eligible,Passed,Offered,Enrolled,Selection,
577,5952,62,5,2023-10-16,Eligible,Passed,Offered,Enrolled,Selection,
578,5953,62,2,2023-11-17,Eligible,Passed,Offered,Enrolled,Selection,
579,5955,62,4,2023-02-15,Eligible,Passed,Offered,Enrolled,Selection,
580,5956,62,6,2023-10-11,Eligible,Passed,Offered,Enrolled,Selection,
581,5957,62,5,2023-10-10,Eligible,Passed,Offered,Enrolled,Selection,
582,5958,62,1,2023-02-12,Eligible,Passed,Offered,Enrolled,Selection,
583,5963,62,3,2023-07-06,Eligible,Passed,Offered,Enrolled,Selection,
584,5964,62,5,2023-10-22,Eligible,Passed,Offered,Enrolled,Selection,
585,5965,62,1,2023-11-07,Eligible,Passed,Offered,Enrolled,Selection,
586,5966,62,6,2023-02-18,Eligible,Failed,Not Offered,Rejected,Interview,7.0
587,5967,62,1,2023-07-13,Eligible,Failed,Not Offered,Rejected,Interview,7.0
588,5971,62,2,2023-08-24,Eligible,Failed,Not Offered,Rejected,Interview,6.0
589,5973,62,1,2023-11-20,Eligible,Passed,Offered,Enrolled,Selection,
590,5975,62,5,2023-07-09,Eligible,Passed,Offered,Enrolled,Selection,
591,5976,62,1,2023-03-18,Eligible,Failed,Not Offered,Rejected,Interview,7.0
592,5979,62,2,2023-11-01,Eligible,Failed,Not Offered,Rejected,Interview,6.0
593,5980,62,1,2023-03-12,Eligible,Passed,Offered,Enrolled,Selection,
594,8601,76,1,2024-08-13,Eligible,Passed,Offered,Enrolled,Selection,
595,8602,76,3,2024-02-19,Eligible,Passed,Offered,Enrolled,Selection,
596,8603,76,4,2024-07-04,Eligible,Passed,Offered,Enrolled,Selection,
597,8605,76,3,2024-11-16,Eligible,Passed,Offered,Enrolled,Selection,
598,8606,77,1,2024-07-11,Eligible,Passed,Offered,Enrolled,Selection,
599,8607,77,2,2024-06-12,Eligible,Passed,Offered,Enrolled,Selection,
600,8608,77,5,2024-06-14,Eligible,Failed,Not Offered,Rejected,Interview,6.0
601,8609,77,2,2024-07-26,Eligible,Passed,Offered,Enrolled,Selection,
602,8610,76,3,2024-02-13,Eligible,Passed,Offered,Enrolled,Selection,
603,8612,76,5,2024-02-04,Eligible,Passed,Offered,Enrolled,Selection,
604,8613,77,1,2024-10-02,Eligible,Passed,Offered,Enrolled,Selection,
605,8614,76,2,2024-06-11,Eligible,Passed,Offered,Enrolled,Selection,
606,8616,77,1,2024-04-07,Eligible,Passed,Offered,Enrolled,Selection,
607,8617,76,3,2024-02-26,Eligible,Failed,Not Offered,Rejected,Interview,6.0
608,8620,76,1,2024-06-17,Eligible,Passed,Offered,Enrolled,Selection,
609,8621,77,2,2024-11-23,Eligible,Passed,Offered,Enrolled,Selection,
610,8622,76,3,2024-01-20,Eligible,Passed,Offered,Enrolled,Selection,
611,8625,77,1,2024-02-13,Eligible,Failed,Not Offered,Rejected,Interview,6.0
612,8626,77,2,2024-05-11,Eligible,Passed,Offered,Enrolled,Selection,
613,8627,77,4,2024-12-25,Eligible,Failed,Not Offered,Rejected,Interview,7.0
614,8628,76,5,2024-03-18,Eligible,Passed,Offered,Enrolled,Selection,
615,8629,76,3,2024-06-01,Eligible,Passed,Offered,Enrolled,Selection,
616,8630,76,2,2024-01-21,Eligible,Passed,Offered,Enrolled,Selection,
617,8631,76,3,2024-05-26,Eligible,Failed,Not Offered,Rejected,Interview,6.0
618,8632,76,1,2024-12-15,Eligible,Passed,Offered,Enrolled,Selection,
619,8633,76,1,2024-01-14,Not Eligible,Not Interviewed,Not Offered,Rejected,Eligibility,1.0
620,8634,77,4,2024-10-05,Eligible,Passed,Offered,Enrolled,Selection,
621,8635,76,1,2024-05-25,Eligible,Passed,Offered,Enrolled,Selection,
622,8636,76,2,2024-09-21,Eligible,Passed,Offered,Enrolled,Selection,
623,8637,77,1,2024-11-11,Eligible,Passed,Offered,Enrolled,Selection,
624,8638,76,6,2024-01-17,Eligible,Failed,Not Offered,Rejected,Interview,6.0
625,8639,76,5,2024-03-09,Eligible,Passed,Offered,Enrolled,Selection,
626,8640,77,1,2024-06-01,Eligible,Passed,Offered,Enrolled,Selection,
627,8641,76,3,2024-12-09,Eligible,Passed,Offered,Enrolled,Selection,
628,8642,76,2,2024-08-22,Eligible,Passed,Offered,Enrolled,Selection,
629,8644,76,2,2024-04-24,Eligible,Passed,Offered,Enrolled,Selection,
630,8646,76,1,2024-12-09,Eligible,Passed,Offered,Enrolled,Selection,
631,8647,76,1,2024-03-19,Eligible,Passed,Offered,Enrolled,Selection,
632,8648,76,2,2024-08-19,Eligible,Passed,Offered,Enrolled,Selection,
633,8649,76,1,2024-08-07,Eligible,Passed,Offered,Enrolled,Selection,
634,8650,76,2,2024-09-27,Eligible,Passed,Offered,Enrolled,Selection,
635,8651,76,6,2024-01-01,Eligible,Passed,Offered,Enrolled,Selection,
636,8652,77,2,2024-06-03,Eligible,Passed,Offered,Enrolled,Selection,
637,8653,77,1,2024-06-09,Eligible,Passed,Offered,Enrolled,Selection,
638,8654,76,2,2024-07-07,Eligible,Passed,Offered,Enrolled,Selection,
639,8655,76,1,2024-09-10,Eligible,Passed,Offered,Enrolled,Selection,
640,8657,76,4,2024-05-27,Eligible,Passed,Offered,Enrolled,Selection,
641,8658,77,1,2024-03-08,Eligible,Passed,Offered,Enrolled,Selection,
642,8659,76,1,2024-06-04,Eligible,Passed,Offered,Enrolled,Selection,
643,8660,77,2,2024-04-27,Eligible,Failed,Not Offered,Rejected,Interview,7.0
644,8661,76,1,2024-05-08,Eligible,Passed,Offered,Enrolled,Selection,
645,8662,76,1,2024-05-22,Eligible,Passed,Offered,Enrolled,Selection,
646,8663,76,4,2024-07-05,Eligible,Passed,Offered,Enrolled,Selection,
647,8664,76,1,2024-03-22,Eligible,Passed,Offered,Enrolled,Selection,
648,8665,77,5,2024-11-21,Eligible,Passed,Offered,Enrolled,Selection,
649,8666,76,5,2024-11-06,Eligible,Passed,Offered,Enrolled,Selection,
650,8667,76,5,2024-05-26,Not Eligible,Not Interviewed,Not Offered,Rejected,Eligibility,4.0
651,8668,77,1,2024-04-24,Not Eligible,Not Interviewed,Not Offered,Rejected,Eligibility,2.0
652,8669,77,5,2024-11-04,Eligible,Passed,Offered,Enrolled,Selection,
653,8670,76,1,2024-05-25,Eligible,Passed,Offered,Enrolled,Selection,
654,8671,76,7,2024-03-04,Eligible,Failed,Not Offered,Rejected,Interview,6.0
655,8672,76,4,2024-06-02,Eligible,Passed,Offered,Enrolled,Selection,
656,8673,77,1,2024-03-08,Eligible,Passed,Offered,Enrolled,Selection,
657,8674,76,3,2024-01-02,Eligible,Passed,Offered,Enrolled,Selection,
658,8677,76,4,2024-07-28,Eligible,Passed,Offered,Enrolled,Selection,
659,8678,76,3,2024-03-03,Eligible,Passed,Offered,Enrolled,Selection,
660,8679,76,4,2024-02-05,Eligible,Passed,Offered,Enrolled,Selection,
661,8680,76,1,2024-11-03,Eligible,Passed,Offered,Enrolled,Selection,
662,8681,76,5,2024-09-20,Eligible,Passed,Offered,Enrolled,Selection,
663,8683,76,3,2024-12-07,Eligible,Passed,Offered,Enrolled,Selection,
664,8685,76,5,2024-10-21,Eligible,Passed,Offered,Enrolled,Selection,
665,8687,76,7,2024-02-19,Eligible,Passed,Offered,Enrolled,Selection,
666,8688,76,3,2024-03-01,Eligible,Failed,Not Offered,Rejected,Interview,6.0
667,8689,77,5,2024-02-16,Eligible,Passed,Offered,Enrolled,Selection,
668,8690,76,1,2024-04-08,Eligible,Passed,Offered,Enrolled,Selection,
669,8691,76,1,2024-06-08,Eligible,Passed,Offered,Enrolled,Selection,
670,8693,76,1,2024-05-27,Eligible,Passed,Offered,Enrolled,Selection,
671,8695,76,1,2024-05-23,Eligible,Passed,Offered,Enrolled,Selection,
672,8696,77,3,2024-08-13,Eligible,Passed,Offered,Enrolled,Selection,
673,8697,76,1,2024-01-28,Eligible,Passed,Offered,Enrolled,Selection,
674,8698,76,3,2024-01-06,Not Eligible,Not Interviewed,Not Offered,Rejected,Eligibility,4.0
675,8700,76,1,2024-06-05,Eligible,Passed,Offered,Enrolled,Selection,
676,8701,76,2,2024-01-21,Eligible,Passed,Offered,Enrolled,Selection,
677,8703,77,1,2024-11-17,Eligible,Passed,Offered,Enrolled,Selection,
678,8714,77,3,2024-06-15,Eligible,Passed,Offered,Enrolled,Selection,
679,8722,77,1,2024-10-24,Eligible,Passed,Offered,Enrolled,Selection,
680,8727,77,1,2024-12-23,Eligible,Passed,Offered,Enrolled,Selection,
681,8729,77,2,2024-04-01,Eligible,Failed,Not Offered,Rejected,Interview,6.0
682,8736,77,2,2024-05-19,Eligible,Passed,Offered,Enrolled,Selection,
683,8741,77,1,2024-02-22,Eligible,Passed,Offered,Enrolled,Selection,
684,8749,77,1,2024-10-06,Eligible,Passed,Offered,Enrolled,Selection,
685,8760,77,6,2024-10-13,Eligible,Passed,Offered,Enrolled,Selection,
686,8770,77,4,2024-10-22,Eligible,Passed,Offered,Enrolled,Selection,
687,8771,77,1,2024-10-12,Eligible,Failed,Not Offered,Rejected,Interview,6.0
688,8772,77,1,2024-07-02,Eligible,Passed,Offered,Enrolled,Selection,
689,8774,77,3,2024-09-18,Eligible,Passed,Offered,Enrolled,Selection,
690,8788,77,2,2024-08-24,Eligible,Passed,Offered,Enrolled,Selection,
691,8793,77,1,2024-03-19,Eligible,Passed,Offered,Enrolled,Selection,
692,8803,77,5,2024-03-09,Eligible,Passed,Offered,Enrolled,Selection,
693,8804,77,1,2024-04-20,Eligible,Failed,Not Offered,Rejected,Interview,7.0
694,8806,77,4,2024-12-09,Eligible,Passed,Offered,Enrolled,Selection,
695,8810,77,3,2024-02-28,Eligible,Passed,Offered,Enrolled,Selection,
696,8821,77,1,2024-07-06,Eligible,Passed,Offered,Enrolled,Selection,
697,8827,77,2,2024-06-21,Eligible,Failed,Not Offered,Rejected,Interview,7.0
698,8832,77,1,2024-12-10,Eligible,Passed,Offered,Enrolled,Selection,
699,8837,77,1,2024-09-12,Eligible,Passed,Offered,Enrolled,Selection,
700,8848,77,4,2024-02-09,Eligible,Passed,Offered,Enrolled,Selection,
701,8863,77,3,2024-10-06,Eligible,Passed,Offered,Enrolled,Selection,
702,8865,77,1,2024-10-14,Eligible,Passed,Offered,Enrolled,Selection,
703,8872,77,1,2024-05-09,Eligible,Passed,Offered,Enrolled,Selection,
704,8876,77,3,2024-08-12,Eligible,Passed,Offered,Enrolled,Selection,
705,8881,77,5,2024-04-01,Eligible,Passed,Offered,Enrolled,Selection,
706,8886,77,4,2024-03-21,Eligible,Passed,Offered,Enrolled,Selection,
707,8888,77,1,2024-01-21,Eligible,Passed,Offered,Enrolled,Selection,
708,8902,77,3,2024-11-21,Eligible,Passed,Offered,Enrolled,Selection,
709,8903,77,1,2024-04-17,Eligible,Failed,Not Offered,Rejected,Interview,7.0
710,8908,77,4,2024-09-04,Eligible,Passed,Offered,Enrolled,Selection,
711,8917,77,1,2024-05-15,Eligible,Passed,Offered,Enrolled,Selection,
712,8927,77,2,2024-12-22,Eligible,Passed,Offered,Enrolled,Selection,
713,8935,77,1,2024-08-24,Eligible,Passed,Offered,Enrolled,Selection,
714,8957,77,3,2024-04-26,Eligible,Passed,Offered,Enrolled,Selection,
715,8965,77,3,2024-12-07,Eligible,Passed,Offered,Enrolled,Selection,
716,12101,92,3,2025-04-16,Eligible,Passed,Offered,Enrolled,Selection,
717,12102,92,1,2025-01-06,Eligible,Failed,Not Offered,Rejected,Interview,7.0
718,12103,93,3,2025-10-15,Not Eligible,Not Interviewed,Not Offered,Rejected,Eligibility,4.0
719,12104,91,1,2025-08-08,Eligible,Passed,Offered,Enrolled,Selection,
720,12105,91,1,2025-11-27,Eligible,Passed,Offered,Enrolled,Selection,
721,12106,91,1,2025-09-10,Eligible,Passed,Offered,Enrolled,Selection,
722,12107,93,1,2025-01-24,Eligible,Passed,Offered,Enrolled,Selection,
723,12108,91,1,2025-05-22,Eligible,Passed,Offered,Enrolled,Selection,
724,12109,91,3,2025-07-06,Eligible,Passed,Offered,Enrolled,Selection,
725,12110,93,1,2025-09-04,Eligible,Passed,Offered,Enrolled,Selection,
726,12111,92,4,2025-02-07,Eligible,Passed,Offered,Enrolled,Selection,
727,12112,92,1,2025-05-16,Eligible,Passed,Offered,Enrolled,Selection,
728,12113,93,4,2025-05-02,Eligible,Passed,Offered,Enrolled,Selection,
729,12114,91,1,2025-02-18,Eligible,Passed,Offered,Enrolled,Selection,
730,12115,93,2,2025-01-11,Eligible,Passed,Offered,Enrolled,Selection,
731,12116,93,1,2025-05-28,Eligible,Passed,Offered,Enrolled,Selection,
732,12117,93,1,2025-07-01,Eligible,Passed,Offered,Enrolled,Selection,
733,12118,91,6,2025-05-04,Eligible,Passed,Offered,Enrolled,Selection,
734,12119,91,3,2025-04-13,Eligible,Passed,Offered,Enrolled,Selection,
735,12120,91,1,2025-08-02,Eligible,Passed,Offered,Enrolled,Selection,
736,12121,91,3,2025-06-18,Eligible,Failed,Not Offered,Rejected,Interview,7.0
737,12122,91,2,2025-10-04,Eligible,Passed,Offered,Enrolled,Selection,
738,12123,92,1,2025-01-22,Eligible,Passed,Offered,Enrolled,Selection,
739,12124,93,3,2025-12-25,Eligible,Failed,Not Offered,Rejected,Interview,6.0
740,12125,91,2,2025-06-11,Not Eligible,Not Interviewed,Not Offered,Rejected,Eligibility,1.0
741,12126,91,1,2025-02-05,Eligible,Passed,Offered,Enrolled,Selection,
742,12127,92,1,2025-12-10,Eligible,Passed,Offered,Enrolled,Selection,
743,12128,93,3,2025-07-02,Eligible,Passed,Offered,Enrolled,Selection,
744,12129,91,3,2025-11-06,Eligible,Passed,Offered,Enrolled,Selection,
745,12130,92,2,2025-04-08,Eligible,Passed,Offered,Enrolled,Selection,
746,12131,91,4,2025-10-03,Not Eligible,Not Interviewed,Not Offered,Rejected,Eligibility,4.0
747,12132,91,1,2025-09-21,Eligible,Passed,Offered,Enrolled,Selection,
748,12133,91,1,2025-11-22,Eligible,Passed,Offered,Enrolled,Selection,
749,12134,91,1,2025-04-24,Eligible,Passed,Offered,Enrolled,Selection,
750,12135,91,6,2025-01-28,Eligible,Passed,Offered,Enrolled,Selection,
751,12136,93,2,2025-05-08,Eligible,Passed,Offered,Enrolled,Selection,
752,12137,91,5,2025-06-05,Eligible,Passed,Offered,Enrolled,Selection,
753,12138,91,7,2025-09-03,Eligible,Passed,Offered,Enrolled,Selection,
754,12139,91,2,2025-04-02,Eligible,Failed,Not Offered,Rejected,Interview,6.0
755,12140,91,1,2025-03-07,Eligible,Passed,Offered,Enrolled,Selection,
756,12141,91,3,2025-06-19,Eligible,Passed,Offered,Enrolled,Selection,
757,12142,91,4,2025-06-27,Eligible,Passed,Offered,Enrolled,Selection,
758,12143,91,1,2025-06-25,Eligible,Passed,Offered,Enrolled,Selection,
759,12144,91,3,2025-11-17,Eligible,Passed,Offered,Enrolled,Selection,
760,12145,93,1,2025-06-05,Eligible,Passed,Offered,Enrolled,Selection,
761,12146,92,6,2025-10-28,Eligible,Passed,Offered,Enrolled,Selection,
762,12147,92,4,2025-07-16,Eligible,Passed,Offered,Enrolled,Selection,
763,12148,93,3,2025-06-17,Eligible,Passed,Offered,Enrolled,Selection,
764,12149,91,4,2025-07-24,Eligible,Passed,Offered,Enrolled,Selection,
765,12150,91,2,2025-08-21,Eligible,Passed,Offered,Enrolled,Selection,
766,12151,93,3,2025-12-03,Eligible,Passed,Offered,Enrolled,Selection,
767,12152,91,2,2025-04-25,Eligible,Failed,Not Offered,Rejected,Interview,6.0
768,12153,91,2,2025-09-25,Eligible,Failed,Not Offered,Rejected,Interview,6.0
769,12154,91,2,2025-09-26,Eligible,Passed,Offered,Enrolled,Selection,
770,12155,91,3,2025-09-26,Eligible,Passed,Offered,Enrolled,Selection,
771,12156,91,2,2025-11-07,Eligible,Passed,Offered,Enrolled,Selection,
772,12157,92,1,2025-06-26,Eligible,Passed,Offered,Enrolled,Selection,
773,12158,91,4,2025-11-16,Eligible,Failed,Not Offered,Rejected,Interview,6.0
774,12159,91,2,2025-09-03,Eligible,Passed,Offered,Enrolled,Selection,
775,12160,91,1,2025-03-01,Eligible,Passed,Offered,Enrolled,Selection,
776,12161,91,6,2025-07-07,Eligible,Passed,Offered,Enrolled,Selection,
777,12162,93,1,2025-11-11,Eligible,Passed,Offered,Enrolled,Selection,
778,12163,92,7,2025-12-28,Eligible,Passed,Offered,Enrolled,Selection,
779,12164,91,1,2025-03-21,Eligible,Passed,Offered,Enrolled,Selection,
780,12165,91,1,2025-02-01,Eligible,Passed,Offered,Enrolled,Selection,
781,12166,93,1,2025-03-06,Eligible,Passed,Offered,Enrolled,Selection,
782,12167,93,1,2025-03-06,Eligible,Passed,Offered,Enrolled,Selection,
783,12168,93,1,2025-05-16,Eligible,Failed,Not Offered,Rejected,Interview,6.0
784,12169,92,2,2025-05-12,Eligible,Passed,Offered,Enrolled,Selection,
785,12170,93,1,2025-01-27,Eligible,Passed,Offered,Enrolled,Selection,
786,12171,91,1,2025-02-19,Not Eligible,Not Interviewed,Not Offered,Rejected,Eligibility,2.0
787,12172,91,1,2025-11-09,Eligible,Passed,Offered,Enrolled,Selection,
788,12173,91,6,2025-07-03,Eligible,Passed,Offered,Enrolled,Selection,
789,12174,93,3,2025-06-07,Eligible,Passed,Offered,Enrolled,Selection,
790,12175,91,3,2025-06-17,Not Eligible,Not Interviewed,Not Offered,Rejected,Eligibility,1.0
791,12176,93,3,2025-11-08,Eligible,Passed,Offered,Enrolled,Selection,
792,12177,92,7,2025-12-26,Eligible,Failed,Not Offered,Rejected,Interview,7.0
793,12178,93,4,2025-07-07,Eligible,Passed,Offered,Enrolled,Selection,
794,12179,91,5,2025-12-03,Eligible,Passed,Offered,Enrolled,Selection,
795,12180,91,1,2025-10-12,Eligible,Passed,Offered,Enrolled,Selection,
796,12181,91,4,2025-01-07,Eligible,Passed,Offered,Enrolled,Selection,
797,12182,91,2,2025-07-11,Eligible,Passed,Offered,Enrolled,Selection,
798,12183,91,1,2025-03-06,Eligible,Passed,Offered,Enrolled,Selection,
799,12184,92,1,2025-10-22,Eligible,Passed,Offered,Enrolled,Selection,
800,12185,91,2,2025-08-13,Eligible,Passed,Offered,Enrolled,Selection,
801,12186,93,4,2025-11-14,Eligible,Passed,Offered,Enrolled,Selection,
802,12187,92,2,2025-07-06,Eligible,Passed,Offered,Enrolled,Selection,
803,12188,92,4,2025-09-25,Eligible,Passed,Offered,Enrolled,Selection,
804,12189,92,2,2025-08-12,Eligible,Passed,Offered,Enrolled,Selection,
805,12190,91,1,2025-09-28,Eligible,Passed,Offered,Enrolled,Selection,
806,12191,91,7,2025-07-12,Eligible,Passed,Offered,Enrolled,Selection,
807,12192,91,1,2025-12-11,Eligible,Passed,Offered,Enrolled,Selection,
808,12193,93,5,2025-08-06,Eligible,Passed,Offered,Enrolled,Selection,
809,12194,92,2,2025-05-16,Eligible,Failed,Not Offered,Rejected,Interview,7.0
810,12195,91,1,2025-11-03,Eligible,Failed,Not Offered,Rejected,Interview,6.0
811,12196,91,1,2025-11-04,Eligible,Passed,Offered,Enrolled,Selection,
812,12197,92,1,2025-10-18,Eligible,Failed,Not Offered,Rejected,Interview,7.0
813,12198,93,3,2025-07-22,Eligible,Passed,Offered,Enrolled,Selection,
814,12199,91,5,2025-12-02,Eligible,Passed,Offered,Enrolled,Selection,
815,12200,91,1,2025-09-09,Eligible,Passed,Offered,Enrolled,Selection,
816,12201,91,2,2025-05-28,Eligible,Failed,Not Offered,Rejected,Interview,7.0
817,12202,91,2,2025-10-17,Eligible,Passed,Offered,Enrolled,Selection,
818,12203,93,1,2025-05-06,Eligible,Passed,Offered,Enrolled,Selection,
819,12204,91,3,2025-04-09,Eligible,Passed,Offered,Enrolled,Selection,
820,12205,91,3,2025-10-25,Eligible,Passed,Offered,Enrolled,Selection,
821,12206,91,2,2025-05-14,Eligible,Passed,Offered,Enrolled,Selection,
822,12207,91,1,2025-04-27,Eligible,Failed,Not Offered,Rejected,Interview,7.0
823,12208,92,1,2025-08-05,Eligible,Passed,Offered,Enrolled,Selection,
824,12209,92,4,2025-10-18,Eligible,Passed,Offered,Enrolled,Selection,
825,12210,91,4,2025-02-14,Eligible,Passed,Offered,Enrolled,Selection,
826,12211,92,1,2025-03-02,Eligible,Passed,Offered,Enrolled,Selection,
827,12212,91,3,2025-09-28,Eligible,Passed,Offered,Enrolled,Selection,
828,12213,91,5,2025-11-28,Eligible,Passed,Offered,Enrolled,Selection,
829,12214,91,1,2025-06-03,Eligible,Passed,Offered,Enrolled,Selection,
830,12215,91,2,2025-01-07,Eligible,Passed,Offered,Enrolled,Selection,
831,12216,93,3,2025-09-02,Eligible,Passed,Offered,Enrolled,Selection,
832,12217,91,1,2025-10-11,Eligible,Passed,Offered,Enrolled,Selection,
833,12218,91,2,2025-12-18,Eligible,Passed,Offered,Enrolled,Selection,
834,12219,93,1,2025-02-04,Eligible,Passed,Offered,Enrolled,Selection,
835,12220,91,2,2025-10-25,Eligible,Passed,Offered,Enrolled,Selection,
836,12221,91,5,2025-05-21,Eligible,Passed,Offered,Enrolled,Selection,
837,12226,93,1,2025-11-07,Eligible,Passed,Offered,Enrolled,Selection,
838,12231,93,3,2025-07-03,Eligible,Passed,Offered,Enrolled,Selection,
839,12232,92,1,2025-05-22,Eligible,Passed,Offered,Enrolled,Selection,
840,12236,93,5,2025-03-25,Eligible,Passed,Offered,Enrolled,Selection,
841,12241,92,4,2025-02-28,Eligible,Passed,Offered,Enrolled,Selection,
842,12250,93,1,2025-07-24,Eligible,Failed,Not Offered,Rejected,Interview,7.0
843,12256,93,1,2025-10-05,Eligible,Passed,Offered,Enrolled,Selection,
844,12257,93,1,2025-12-28,Not Eligible,Not Interviewed,Not Offered,Rejected,Eligibility,2.0
845,12258,92,3,2025-08-20,Eligible,Passed,Offered,Enrolled,Selection,
846,12260,92,3,2025-01-24,Eligible,Passed,Offered,Enrolled,Selection,
847,12263,93,3,2025-08-11,Eligible,Passed,Offered,Enrolled,Selection,
848,12264,93,1,2025-03-21,Eligible,Passed,Offered,Enrolled,Selection,
849,12267,92,7,2025-08-04,Eligible,Passed,Offered,Enrolled,Selection,
850,12269,92,1,2025-01-12,Eligible,Passed,Offered,Enrolled,Selection,
851,12273,92,1,2025-03-24,Eligible,Failed,Not Offered,Rejected,Interview,6.0
852,12277,93,1,2025-10-25,Eligible,Passed,Offered,Enrolled,Selection,
853,12278,93,6,2025-02-18,Eligible,Passed,Offered,Enrolled,Selection,
854,12281,93,2,2025-02-04,Eligible,Passed,Offered,Enrolled,Selection,
855,12283,92,1,2025-05-25,Not Eligible,Not Interviewed,Not Offered,Rejected,Eligibility,1.0
856,12295,93,6,2025-07-03,Eligible,Failed,Not Offered,Rejected,Interview,7.0
857,12296,93,2,2025-12-08,Eligible,Passed,Offered,Enrolled,Selection,
858,12303,93,1,2025-09-14,Eligible,Passed,Offered,Enrolled,Selection,
859,12311,92,2,2025-04-26,Eligible,Passed,Offered,Enrolled,Selection,
860,12315,93,6,2025-06-22,Eligible,Passed,Offered,Enrolled,Selection,
861,12317,92,1,2025-09-20,Eligible,Passed,Offered,Enrolled,Selection,
862,12318,93,3,2025-01-15,Eligible,Failed,Not Offered,Rejected,Interview,7.0
863,12327,92,3,2025-02-10,Eligible,Passed,Offered,Enrolled,Selection,
864,12329,92,1,2025-03-23,Eligible,Passed,Offered,Enrolled,Selection,
865,12332,93,1,2025-03-27,Eligible,Passed,Offered,Enrolled,Selection,
866,12334,93,1,2025-01-22,Eligible,Failed,Not Offered,Rejected,Interview,7.0
867,12335,93,1,2025-08-04,Eligible,Failed,Not Offered,Rejected,Interview,7.0
868,12336,93,3,2025-06-02,Eligible,Passed,Offered,Enrolled,Selection,
869,12337,93,1,2025-12-26,Eligible,Passed,Offered,Enrolled,Selection,
870,12342,92,4,2025-09-19,Eligible,Passed,Offered,Enrolled,Selection,
871,12344,92,1,2025-08-24,Eligible,Failed,Not Offered,Rejected,Interview,6.0
872,12345,93,3,2025-08-10,Eligible,Passed,Offered,Enrolled,Selection,
873,12346,92,1,2025-07-01,Eligible,Passed,Offered,Enrolled,Selection,
874,12347,92,1,2025-11-08,Eligible,Passed,Offered,Enrolled,Selection,
875,12350,92,1,2025-09-09,Eligible,Passed,Offered,Enrolled,Selection,
876,12355,93,1,2025-07-20,Eligible,Passed,Offered,Enrolled,Selection,
877,12361,93,1,2025-11-14,Eligible,Passed,Offered,Enrolled,Selection,
878,12362,92,1,2025-09-01,Eligible,Passed,Offered,Enrolled,Selection,
879,12363,93,1,2025-01-04,Eligible,Passed,Offered,Enrolled,Selection,
880,12365,92,5,2025-04-01,Eligible,Failed,Not Offered,Rejected,Interview,7.0
881,12366,92,5,2025-11-25,Not Eligible,Not Interviewed,Not Offered,Rejected,Eligibility,1.0
882,12368,93,3,2025-12-11,Eligible,Passed,Offered,Enrolled,Selection,
883,12376,93,1,2025-05-16,Eligible,Failed,Not Offered,Rejected,Interview,7.0
884,12381,92,6,2025-05-14,Eligible,Passed,Offered,Enrolled,Selection,
885,12386,92,3,2025-07-19,Eligible,Passed,Offered,Enrolled,Selection,
886,12388,93,2,2025-10-19,Eligible,Passed,Offered,Enrolled,Selection,
887,12390,93,7,2025-03-21,Eligible,Passed,Offered,Enrolled,Selection,
888,12391,92,5,2025-10-06,Eligible,Passed,Offered,Enrolled,Selection,
889,12394,93,2,2025-05-06,Eligible,Passed,Offered,Enrolled,Selection,
890,12396,93,4,2025-01-04,Eligible,Passed,Offered,Enrolled,Selection,
891,12398,93,2,2025-01-16,Eligible,Passed,Offered,Enrolled,Selection,
892,12399,93,1,2025-06-13,Eligible,Passed,Offered,Enrolled,Selection,
893,12402,93,1,2025-12-20,Eligible,Passed,Offered,Enrolled,Selection,
894,12405,93,3,2025-11-19,Eligible,Failed,Not Offered,Rejected,Interview,6.0
895,12406,92,1,2025-04-07,Eligible,Passed,Offered,Enrolled,Selection,
896,12410,93,1,2025-12-13,Eligible,Passed,Offered,Enrolled,Selection,
897,12412,93,1,2025-01-11,Eligible,Passed,Offered,Enrolled,Selection,
898,12413,93,1,2025-09-22,Eligible,Passed,Offered,Enrolled,Selection,
899,12416,92,3,2025-12-03,Not Eligible,Not Interviewed,Not Offered,Rejected,Eligibility,1.0
900,12417,92,1,2025-01-08,Eligible,Failed,Not Offered,Rejected,Interview,6.0
901,12421,93,5,2025-12-09,Eligible,Passed,Offered,Enrolled,Selection,
902,12422,92,3,2025-09-03,Eligible,Passed,Offered,Enrolled,Selection,
903,12424,93,1,2025-10-13,Eligible,Passed,Offered,Enrolled,Selection,
904,12427,92,1,2025-04-06,Not Eligible,Not Interviewed,Not Offered,Rejected,Eligibility,2.0
905,12431,92,1,2025-02-11,Eligible,Passed,Offered,Enrolled,Selection,
906,12434,93,5,2025-08-27,Eligible,Passed,Offered,Enrolled,Selection,
907,12438,92,7,2025-08-06,Eligible,Failed,Not Offered,Rejected,Interview,7.0
908,12441,92,6,2025-10-06,Eligible,Passed,Offered,Enrolled,Selection,
909,12443,92,2,2025-04-08,Eligible,Passed,Offered,Enrolled,Selection,
910,12445,93,2,2025-11-12,Eligible,Passed,Offered,Enrolled,Selection,
911,12449,92,3,2025-08-09,Eligible,Failed,Not Offered,Rejected,Interview,7.0
912,12452,93,1,2025-06-15,Eligible,Passed,Offered,Enrolled,Selection,
913,12453,92,4,2025-05-09,Eligible,Passed,Offered,Enrolled,Selection,
914,12454,92,1,2025-01-26,Eligible,Passed,Offered,Enrolled,Selection,
915,12455,93,2,2025-01-03,Eligible,Passed,Offered,Enrolled,Selection,
916,12456,92,1,2025-05-22,Eligible,Passed,Offered,Enrolled,Selection,
917,12463,92,2,2025-07-03,Eligible,Failed,Not Offered,Rejected,Interview,6.0
918,12479,92,3,2025-08-04,Eligible,Failed,Not Offered,Rejected,Interview,6.0
919,12485,92,5,2025-01-18,Eligible,Passed,Offered,Enrolled,Selection,
920,12494,92,1,2025-05-27,Eligible,Passed,Offered,Enrolled,Selection,
921,12495,92,2,2025-11-08,Eligible,Passed,Offered,Enrolled,Selection,
922,12501,92,1,2025-10-23,Not Eligible,Not Interviewed,Not Offered,Rejected,Eligibility,1.0
923,12505,92,3,2025-07-18,Eligible,Failed,Not Offered,Rejected,Interview,6.0
924,12506,92,5,2025-01-06,Eligible,Passed,Offered,Enrolled,Selection,
925,12513,92,1,2025-12-05,Eligible,Passed,Offered,Enrolled,Selection,
926,12517,92,2,2025-08-06,Eligible,Failed,Not Offered,Rejected,Interview,7.0
927,12519,92,4,2025-05-07,Eligible,Passed,Offered,Enrolled,Selection,
928,12523,92,7,2025-02-13,Eligible,Passed,Offered,Enrolled,Selection,
929,12524,92,5,2025-04-20,Eligible,Passed,Offered,Enrolled,Selection,
930,12525,92,1,2025-12-05,Eligible,Passed,Offered,Enrolled,Selection,
931,12527,92,5,2025-11-07,Eligible,Passed,Offered,Enrolled,Selection,
932,12530,92,5,2025-05-11,Eligible,Passed,Offered,Enrolled,Selection,
933,12532,92,7,2025-10-28,Eligible,Passed,Offered,Enrolled,Selection,
934,12533,92,5,2025-06-08,Eligible,Passed,Offered,Enrolled,Selection,
935,12541,92,1,2025-12-22,Eligible,Passed,Offered,Enrolled,Selection,
936,12547,92,1,2025-05-05,Eligible,Passed,Offered,Enrolled,Selection,
937,12556,92,3,2025-04-02,Eligible,Passed,Offered,Enrolled,Selection,
938,16001,107,3,2026-11-02,Eligible,Passed,Offered,Enrolled,Selection,
939,16002,107,7,2026-09-10,Eligible,Passed,Offered,Enrolled,Selection,
940,16003,109,1,2026-07-04,Eligible,Passed,Offered,Enrolled,Selection,
941,16004,108,1,2026-09-26,Eligible,Passed,Offered,Enrolled,Selection,
942,16005,107,2,2026-08-26,Eligible,Passed,Offered,Enrolled,Selection,
943,16006,107,7,2026-03-24,Eligible,Passed,Offered,Enrolled,Selection,
944,16007,107,4,2026-12-09,Eligible,Passed,Offered,Enrolled,Selection,
945,16008,107,1,2026-01-21,Eligible,Passed,Offered,Enrolled,Selection,
946,16009,107,6,2026-06-09,Eligible,Passed,Offered,Enrolled,Selection,
947,16010,109,4,2026-03-10,Eligible,Failed,Not Offered,Rejected,Interview,7.0
948,16011,107,1,2026-10-08,Eligible,Failed,Not Offered,Rejected,Interview,7.0
949,16012,109,1,2026-11-16,Eligible,Passed,Offered,Enrolled,Selection,
950,16013,107,2,2026-03-11,Eligible,Passed,Offered,Enrolled,Selection,
951,16014,107,6,2026-10-15,Eligible,Passed,Offered,Enrolled,Selection,
952,16015,109,5,2026-09-26,Eligible,Failed,Not Offered,Rejected,Interview,6.0
953,16016,109,2,2026-03-10,Eligible,Failed,Not Offered,Rejected,Interview,7.0
954,16017,108,6,2026-12-02,Eligible,Passed,Offered,Enrolled,Selection,
955,16018,107,5,2026-02-05,Eligible,Passed,Offered,Enrolled,Selection,
956,16019,107,3,2026-09-19,Eligible,Passed,Offered,Enrolled,Selection,
957,16020,107,7,2026-07-11,Eligible,Passed,Offered,Enrolled,Selection,
958,16021,108,5,2026-10-03,Not Eligible,Not Interviewed,Not Offered,Rejected,Eligibility,4.0
959,16022,108,1,2026-06-18,Eligible,Passed,Offered,Enrolled,Selection,
960,16023,109,1,2026-11-16,Eligible,Passed,Offered,Enrolled,Selection,
961,16024,107,1,2026-04-14,Eligible,Passed,Offered,Enrolled,Selection,
962,16025,107,1,2026-09-12,Eligible,Passed,Offered,Enrolled,Selection,
963,16026,108,4,2026-05-12,Eligible,Failed,Not Offered,Rejected,Interview,6.0
964,16027,107,1,2026-05-11,Eligible,Passed,Offered,Enrolled,Selection,
965,16028,107,1,2026-03-08,Eligible,Passed,Offered,Enrolled,Selection,
966,16029,109,4,2026-09-25,Eligible,Passed,Offered,Enrolled,Selection,
967,16030,107,3,2026-12-27,Eligible,Passed,Offered,Enrolled,Selection,
968,16031,109,1,2026-01-19,Eligible,Passed,Offered,Enrolled,Selection,
969,16032,109,1,2026-04-04,Eligible,Passed,Offered,Enrolled,Selection,
970,16033,107,1,2026-05-19,Eligible,Passed,Offered,Enrolled,Selection,
971,16034,107,3,2026-11-28,Eligible,Passed,Offered,Enrolled,Selection,
972,16035,107,1,2026-05-02,Eligible,Passed,Offered,Enrolled,Selection,
973,16036,107,3,2026-12-28,Eligible,Passed,Offered,Enrolled,Selection,
974,16037,107,1,2026-02-10,Eligible,Passed,Offered,Enrolled,Selection,
975,16038,108,3,2026-10-15,Eligible,Failed,Not Offered,Rejected,Interview,7.0
976,16039,107,1,2026-12-08,Eligible,Passed,Offered,Enrolled,Selection,
977,16040,109,3,2026-03-02,Eligible,Passed,Offered,Enrolled,Selection,
978,16041,109,4,2026-09-15,Eligible,Passed,Offered,Enrolled,Selection,
979,16042,109,5,2026-04-04,Eligible,Passed,Offered,Enrolled,Selection,
980,16043,109,6,2026-02-06,Eligible,Passed,Offered,Enrolled,Selection,
981,16044,108,2,2026-09-02,Eligible,Passed,Offered,Enrolled,Selection,
982,16045,107,1,2026-11-28,Eligible,Passed,Offered,Enrolled,Selection,
983,16046,107,1,2026-01-05,Eligible,Passed,Offered,Enrolled,Selection,
984,16047,107,2,2026-07-09,Eligible,Failed,Not Offered,Rejected,Interview,6.0
985,16048,107,1,2026-03-23,Eligible,Passed,Offered,Enrolled,Selection,
986,16049,109,3,2026-10-12,Eligible,Failed,Not Offered,Rejected,Interview,6.0
987,16050,107,1,2026-10-15,Eligible,Passed,Offered,Enrolled,Selection,
988,16051,109,1,2026-02-28,Eligible,Passed,Offered,Enrolled,Selection,
989,16052,108,2,2026-02-02,Eligible,Passed,Offered,Enrolled,Selection,
990,16053,109,1,2026-03-06,Eligible,Passed,Offered,Enrolled,Selection,
991,16054,108,1,2026-01-06,Eligible,Passed,Offered,Enrolled,Selection,
992,16055,107,1,2026-05-03,Eligible,Failed,Not Offered,Rejected,Interview,6.0
993,16056,109,5,2026-05-02,Eligible,Passed,Offered,Enrolled,Selection,
994,16057,108,1,2026-10-16,Eligible,Failed,Not Offered,Rejected,Interview,7.0
995,16058,107,1,2026-12-16,Not Eligible,Not Interviewed,Not Offered,Rejected,Eligibility,4.0
996,16059,109,2,2026-12-10,Eligible,Passed,Offered,Enrolled,Selection,
997,16060,108,1,2026-02-12,Eligible,Passed,Offered,Enrolled,Selection,
998,16061,108,5,2026-11-24,Eligible,Passed,Offered,Enrolled,Selection,
999,16062,107,5,2026-03-24,Eligible,Passed,Offered,Enrolled,Selection,
1000,16063,109,2,2026-08-01,Not Eligible,Not Interviewed,Not Offered,Rejected,Eligibility,2.0
1001,16064,107,2,2026-01-06,Eligible,Passed,Offered,Enrolled,Selection,
1002,16065,107,7,2026-09-21,Eligible,Passed,Offered,Enrolled,Selection,
1003,16066,109,2,2026-11-14,Eligible,Passed,Offered,Enrolled,Selection,
1004,16067,109,1,2026-06-28,Eligible,Passed,Offered,Enrolled,Selection,
1005,16068,108,1,2026-08-13,Eligible,Passed,Offered,Enrolled,Selection,
1006,16069,107,5,2026-12-07,Eligible,Passed,Offered,Enrolled,Selection,
1007,16070,109,3,2026-02-20,Eligible,Passed,Offered,Enrolled,Selection,
1008,16071,107,1,2026-07-17,Eligible,Passed,Offered,Enrolled,Selection,
1009,16072,107,1,2026-04-20,Eligible,Passed,Offered,Enrolled,Selection,
1010,16073,107,2,2026-06-26,Eligible,Passed,Offered,Enrolled,Selection,
1011,16074,108,1,2026-09-24,Eligible,Passed,Offered,Enrolled,Selection,
1012,16075,107,5,2026-05-03,Eligible,Failed,Not Offered,Rejected,Interview,7.0
1013,16076,108,2,2026-03-14,Eligible,Passed,Offered,Enrolled,Selection,
1014,16077,107,1,2026-07-06,Eligible,Passed,Offered,Enrolled,Selection,
1015,16078,107,4,2026-03-27,Eligible,Passed,Offered,Enrolled,Selection,
1016,16079,107,1,2026-03-03,Eligible,Failed,Not Offered,Rejected,Interview,6.0
1017,16080,108,2,2026-04-11,Eligible,Failed,Not Offered,Rejected,Interview,7.0
1018,16081,108,5,2026-06-16,Eligible,Passed,Offered,Enrolled,Selection,
1019,16082,107,1,2026-05-26,Eligible,Passed,Offered,Enrolled,Selection,
1020,16083,107,2,2026-12-17,Eligible,Passed,Offered,Enrolled,Selection,
1021,16084,107,1,2026-11-27,Not Eligible,Not Interviewed,Not Offered,Rejected,Eligibility,4.0
1022,16085,108,4,2026-09-01,Eligible,Passed,Offered,Enrolled,Selection,
1023,16086,107,7,2026-09-09,Eligible,Passed,Offered,Enrolled,Selection,
1024,16087,109,1,2026-10-06,Eligible,Passed,Offered,Enrolled,Selection,
1025,16088,109,1,2026-11-25,Eligible,Passed,Offered,Enrolled,Selection,
1026,16089,108,4,2026-02-20,Eligible,Passed,Offered,Enrolled,Selection,
1027,16090,109,7,2026-06-16,Eligible,Passed,Offered,Enrolled,Selection,
1028,16091,109,1,2026-06-09,Eligible,Passed,Offered,Enrolled,Selection,
1029,16092,109,1,2026-05-07,Eligible,Passed,Offered,Enrolled,Selection,
1030,16093,109,1,2026-02-15,Eligible,Passed,Offered,Enrolled,Selection,
1031,16094,107,3,2026-06-16,Not Eligible,Not Interviewed,Not Offered,Rejected,Eligibility,4.0
1032,16095,107,2,2026-01-23,Eligible,Passed,Offered,Enrolled,Selection,
1033,16096,108,1,2026-04-27,Eligible,Failed,Not Offered,Rejected,Interview,7.0
1034,16097,107,1,2026-04-03,Eligible,Passed,Offered,Enrolled,Selection,
1035,16098,109,5,2026-05-11,Eligible,Failed,Not Offered,Rejected,Interview,6.0
1036,16099,108,3,2026-01-03,Eligible,Passed,Offered,Enrolled,Selection,
1037,16100,107,4,2026-02-13,Eligible,Passed,Offered,Enrolled,Selection,
1038,16101,108,1,2026-02-09,Eligible,Passed,Offered,Enrolled,Selection,
1039,16102,109,1,2026-10-04,Eligible,Passed,Offered,Enrolled,Selection,
1040,16103,108,1,2026-06-19,Not Eligible,Not Interviewed,Not Offered,Rejected,Eligibility,2.0
1041,16104,109,4,2026-01-07,Eligible,Passed,Offered,Enrolled,Selection,
1042,16105,108,2,2026-05-06,Eligible,Passed,Offered,Enrolled,Selection,
1043,16106,109,1,2026-11-15,Eligible,Passed,Offered,Enrolled,Selection,
1044,16107,108,1,2026-12-08,Eligible,Failed,Not Offered,Rejected,Interview,6.0
1045,16108,109,3,2026-04-03,Eligible,Passed,Offered,Enrolled,Selection,
1046,16109,107,1,2026-07-07,Eligible,Passed,Offered,Enrolled,Selection,
1047,16110,109,1,2026-03-09,Eligible,Passed,Offered,Enrolled,Selection,
1048,16111,109,2,2026-10-11,Eligible,Passed,Offered,Enrolled,Selection,
1049,16112,108,5,2026-12-22,Eligible,Passed,Offered,Enrolled,Selection,
1050,16113,107,1,2026-01-03,Eligible,Passed,Offered,Enrolled,Selection,
1051,16114,107,1,2026-02-21,Eligible,Passed,Offered,Enrolled,Selection,
1052,16115,107,3,2026-05-18,Eligible,Passed,Offered,Enrolled,Selection,
1053,16116,108,1,2026-10-05,Eligible,Passed,Offered,Enrolled,Selection,
1054,16117,107,5,2026-04-27,Eligible,Passed,Offered,Enrolled,Selection,
1055,16118,108,1,2026-07-23,Eligible,Passed,Offered,Enrolled,Selection,
1056,16119,108,1,2026-04-27,Eligible,Passed,Offered,Enrolled,Selection,
1057,16120,107,2,2026-08-20,Eligible,Passed,Offered,Enrolled,Selection,
1058,16121,107,2,2026-06-05,Eligible,Failed,Not Offered,Rejected,Interview,7.0
1059,16122,109,1,2026-06-07,Eligible,Passed,Offered,Enrolled,Selection,
1060,16123,107,1,2026-04-08,Eligible,Passed,Offered,Enrolled,Selection,
1061,16124,107,1,2026-07-04,Eligible,Passed,Offered,Enrolled,Selection,
1062,16125,107,2,2026-03-02,Eligible,Passed,Offered,Enrolled,Selection,
1063,16126,107,5,2026-07-14,Eligible,Failed,Not Offered,Rejected,Interview,7.0
1064,16127,109,5,2026-06-13,Eligible,Passed,Offered,Enrolled,Selection,
1065,16128,107,4,2026-02-15,Eligible,Passed,Offered,Enrolled,Selection,
1066,16129,107,2,2026-05-10,Eligible,Passed,Offered,Enrolled,Selection,
1067,16130,107,2,2026-01-18,Eligible,Failed,Not Offered,Rejected,Interview,6.0
1068,16131,109,1,2026-03-24,Eligible,Passed,Offered,Enrolled,Selection,
1069,16132,108,2,2026-01-02,Eligible,Passed,Offered,Enrolled,Selection,
1070,16133,107,1,2026-06-25,Eligible,Passed,Offered,Enrolled,Selection,
1071,16134,108,1,2026-01-12,Eligible,Passed,Offered,Enrolled,Selection,
1072,16135,109,1,2026-11-16,Eligible,Passed,Offered,Enrolled,Selection,
1073,16136,107,5,2026-12-05,Eligible,Passed,Offered,Enrolled,Selection,
1074,16137,109,3,2026-01-06,Eligible,Passed,Offered,Enrolled,Selection,
1075,16138,107,3,2026-03-25,Eligible,Passed,Offered,Enrolled,Selection,
1076,16139,107,2,2026-07-01,Eligible,Passed,Offered,Enrolled,Selection,
1077,16140,107,1,2026-03-28,Eligible,Passed,Offered,Enrolled,Selection,
1078,16141,108,4,2026-10-25,Eligible,Passed,Offered,Enrolled,Selection,
1079,16142,107,1,2026-08-14,Eligible,Passed,Offered,Enrolled,Selection,
1080,16143,108,3,2026-01-06,Eligible,Passed,Offered,Enrolled,Selection,
1081,16144,107,5,2026-07-20,Eligible,Failed,Not Offered,Rejected,Interview,7.0
1082,16145,107,1,2026-08-23,Eligible,Passed,Offered,Enrolled,Selection,
1083,16146,107,2,2026-03-11,Eligible,Passed,Offered,Enrolled,Selection,
1084,16147,108,3,2026-05-02,Eligible,Failed,Not Offered,Rejected,Interview,7.0
1085,16148,109,2,2026-12-06,Eligible,Passed,Offered,Enrolled,Selection,
1086,16149,109,1,2026-12-10,Eligible,Failed,Not Offered,Rejected,Interview,7.0
1087,16150,107,4,2026-09-16,Eligible,Passed,Offered,Enrolled,Selection,
1088,16151,107,1,2026-09-17,Eligible,Passed,Offered,Enrolled,Selection,
1089,16152,109,1,2026-05-24,Eligible,Passed,Offered,Enrolled,Selection,
1090,16153,108,3,2026-12-02,Eligible,Passed,Offered,Enrolled,Selection,
1091,16154,107,2,2026-05-08,Eligible,Failed,Not Offered,Rejected,Interview,6.0
1092,16155,107,5,2026-01-09,Eligible,Passed,Offered,Enrolled,Selection,
1093,16156,109,6,2026-12-25,Eligible,Passed,Offered,Enrolled,Selection,
1094,16157,109,3,2026-09-28,Eligible,Passed,Offered,Enrolled,Selection,
1095,16158,107,2,2026-07-26,Eligible,Passed,Offered,Enrolled,Selection,
1096,16159,109,3,2026-10-27,Eligible,Passed,Offered,Enrolled,Selection,
1097,16160,109,2,2026-05-24,Eligible,Passed,Offered,Enrolled,Selection,
1098,16161,109,4,2026-08-21,Eligible,Passed,Offered,Enrolled,Selection,
1099,16162,107,1,2026-03-01,Eligible,Passed,Offered,Enrolled,Selection,
1100,16163,107,1,2026-03-05,Eligible,Passed,Offered,Enrolled,Selection,
1101,16164,109,3,2026-10-26,Eligible,Passed,Offered,Enrolled,Selection,
1102,16165,107,2,2026-02-16,Eligible,Passed,Offered,Enrolled,Selection,
1103,16166,107,1,2026-07-28,Eligible,Passed,Offered,Enrolled,Selection,
1104,16167,107,1,2026-10-06,Eligible,Passed,Offered,Enrolled,Selection,
1105,16168,108,1,2026-01-02,Eligible,Passed,Offered,Enrolled,Selection,
1106,16170,109,1,2026-06-16,Eligible,Failed,Not Offered,Rejected,Interview,6.0
1107,16171,108,6,2026-07-22,Eligible,Passed,Offered,Enrolled,Selection,
1108,16172,109,1,2026-08-14,Eligible,Passed,Offered,Enrolled,Selection,
1109,16174,109,3,2026-09-23,Eligible,Passed,Offered,Enrolled,Selection,
1110,16175,108,3,2026-08-25,Eligible,Passed,Offered,Enrolled,Selection,
1111,16179,108,3,2026-05-25,Eligible,Passed,Offered,Enrolled,Selection,
1112,16180,108,5,2026-03-05,Eligible,Passed,Offered,Enrolled,Selection,
1113,16182,109,4,2026-09-16,Eligible,Passed,Offered,Enrolled,Selection,
1114,16183,108,1,2026-04-01,Not Eligible,Not Interviewed,Not Offered,Rejected,Eligibility,4.0
1115,16185,108,6,2026-09-08,Eligible,Passed,Offered,Enrolled,Selection,
1116,16186,109,2,2026-07-05,Eligible,Passed,Offered,Enrolled,Selection,
1117,16187,109,7,2026-02-21,Eligible,Passed,Offered,Enrolled,Selection,
1118,16188,108,6,2026-08-06,Eligible,Passed,Offered,Enrolled,Selection,
1119,16194,109,5,2026-07-14,Eligible,Passed,Offered,Enrolled,Selection,
1120,16198,108,1,2026-01-09,Eligible,Passed,Offered,Enrolled,Selection,
1121,16200,109,3,2026-08-17,Eligible,Failed,Not Offered,Rejected,Interview,7.0
1122,16201,109,1,2026-07-12,Eligible,Failed,Not Offered,Rejected,Interview,6.0
1123,16202,108,7,2026-10-20,Eligible,Passed,Offered,Enrolled,Selection,
1124,16204,109,1,2026-06-13,Eligible,Passed,Offered,Enrolled,Selection,
1125,16205,108,1,2026-12-10,Eligible,Passed,Offered,Enrolled,Selection,
1126,16206,108,4,2026-01-21,Eligible,Passed,Offered,Enrolled,Selection,
1127,16211,108,1,2026-05-21,Eligible,Passed,Offered,Enrolled,Selection,
1128,16212,108,2,2026-05-07,Eligible,Passed,Offered,Enrolled,Selection,
1129,16213,109,6,2026-10-05,Eligible,Failed,Not Offered,Rejected,Interview,6.0
1130,16217,108,4,2026-12-17,Eligible,Passed,Offered,Enrolled,Selection,
1131,16218,109,5,2026-06-27,Eligible,Passed,Offered,Enrolled,Selection,
1132,16220,109,1,2026-11-26,Eligible,Passed,Offered,Enrolled,Selection,
1133,16221,109,2,2026-08-01,Eligible,Passed,Offered,Enrolled,Selection,
1134,16228,108,1,2026-01-08,Eligible,Passed,Offered,Enrolled,Selection,
1135,16232,108,3,2026-05-02,Eligible,Passed,Offered,Enrolled,Selection,
1136,16235,109,1,2026-03-12,Eligible,Passed,Offered,Enrolled,Selection,
1137,16238,108,1,2026-07-04,Eligible,Passed,Offered,Enrolled,Selection,
1138,16239,108,3,2026-01-16,Eligible,Passed,Offered,Enrolled,Selection,
1139,16240,109,5,2026-12-25,Eligible,Passed,Offered,Enrolled,Selection,
1140,16243,109,1,2026-06-02,Eligible,Passed,Offered,Enrolled,Selection,
1141,16244,109,6,2026-06-24,Eligible,Passed,Offered,Enrolled,Selection,
1142,16245,108,5,2026-03-25,Eligible,Passed,Offered,Enrolled,Selection,
1143,16246,109,1,2026-11-02,Eligible,Passed,Offered,Enrolled,Selection,
1144,16247,109,1,2026-08-26,Eligible,Passed,Offered,Enrolled,Selection,
1145,16249,109,6,2026-04-10,Eligible,Passed,Offered,Enrolled,Selection,
1146,16250,109,4,2026-01-18,Eligible,Passed,Offered,Enrolled,Selection,
1147,16251,109,1,2026-03-04,Eligible,Failed,Not Offered,Rejected,Interview,7.0
1148,16252,108,2,2026-10-19,Eligible,Passed,Offered,Enrolled,Selection,
1149,16259,109,4,2026-03-27,Eligible,Passed,Offered,Enrolled,Selection,
1150,16263,108,3,2026-02-09,Eligible,Passed,Offered,Enrolled,Selection,
1151,16266,108,6,2026-07-22,Eligible,Passed,Offered,Enrolled,Selection,
1152,16268,109,1,2026-05-12,Eligible,Passed,Offered,Enrolled,Selection,
1153,16272,108,5,2026-06-26,Eligible,Passed,Offered,Enrolled,Selection,
1154,16276,109,1,2026-08-07,Eligible,Passed,Offered,Enrolled,Selection,
1155,16278,109,3,2026-01-15,Eligible,Passed,Offered,Enrolled,Selection,
1156,16280,109,1,2026-08-18,Eligible,Passed,Offered,Enrolled,Selection,
1157,16285,109,2,2026-09-10,Eligible,Passed,Offered,Enrolled,Selection,
1158,16289,109,1,2026-05-11,Eligible,Passed,Offered,Enrolled,Selection,
1159,16291,109,3,2026-01-20,Eligible,Passed,Offered,Enrolled,Selection,
1160,16292,109,1,2026-12-28,Not Eligible,Not Interviewed,Not Offered,Rejected,Eligibility,4.0
1161,16293,109,6,2026-09-04,Eligible,Passed,Offered,Enrolled,Selection,
1162,16295,108,6,2026-02-05,Eligible,Failed,Not Offered,Rejected,Interview,7.0
1163,16298,109,1,2026-08-27,Not Eligible,Not Interviewed,Not Offered,Rejected,Eligibility,4.0
1164,16299,108,4,2026-03-18,Eligible,Passed,Offered,Enrolled,Selection,
1165,16300,109,3,2026-02-06,Eligible,Passed,Offered,Enrolled,Selection,
1166,16302,108,1,2026-02-21,Eligible,Passed,Offered,Enrolled,Selection,
1167,16304,108,1,2026-10-11,Eligible,Failed,Not Offered,Rejected,Interview,7.0
1168,16307,108,1,2026-10-05,Eligible,Passed,Offered,Enrolled,Selection,
1169,16313,108,5,2026-08-24,Eligible,Passed,Offered,Enrolled,Selection,
1170,16317,108,4,2026-11-20,Eligible,Passed,Offered,Enrolled,Selection,
1171,16323,108,1,2026-02-05,Eligible,Passed,Offered,Enrolled,Selection,
1172,16324,108,3,2026-10-25,Eligible,Passed,Offered,Enrolled,Selection,
1173,16325,108,7,2026-03-16,Eligible,Passed,Offered,Enrolled,Selection,
1174,16329,108,5,2026-02-13,Eligible,Passed,Offered,Enrolled,Selection,
1175,16335,108,3,2026-08-07,Eligible,Passed,Offered,Enrolled,Selection,
1176,16336,108,1,2026-02-21,Eligible,Passed,Offered,Enrolled,Selection,
1177,16337,108,3,2026-04-19,Not Eligible,Not Interviewed,Not Offered,Rejected,Eligibility,3.0
1178,16343,108,3,2026-04-16,Eligible,Passed,Offered,Enrolled,Selection,
1179,16345,108,4,2026-08-24,Eligible,Passed,Offered,Enrolled,Selection,
1180,16347,108,1,2026-08-24,Eligible,Passed,Offered,Enrolled,Selection,
1181,16349,108,1,2026-06-01,Eligible,Passed,Offered,Enrolled,Selection,
1182,16360,108,6,2026-12-23,Eligible,Passed,Offered,Enrolled,Selection,
1183,16363,108,1,2026-04-12,Eligible,Passed,Offered,Enrolled,Selection,
1184,16368,108,1,2026-06-23,Eligible,Passed,Offered,Enrolled,Selection,
1185,16370,108,1,2026-10-25,Eligible,Failed,Not Offered,Rejected,Interview,7.0
1186,16371,108,1,2026-03-17,Eligible,Failed,Not Offered,Rejected,Interview,6.0
1187,16372,108,1,2026-12-09,Eligible,Passed,Offered,Enrolled,Selection,
1188,16374,108,2,2026-07-25,Eligible,Passed,Offered,Enrolled,Selection,
1189,16378,108,1,2026-08-19,Eligible,Passed,Offered,Enrolled,Selection,
