allocation_id,enrollment_id,resource_id,quantity
1,1,3,1
2,1,4,1
3,1,5,1
4,1,6,1
5,1,7,1
6,1,8,1
7,2,3,1
8,2,4,1
9,2,5,1
10,2,6,1
11,2,7,1
12,2,8,1
13,3,1,1
14,3,3,1
15,3,4,1
16,3,5,1
17,3,6,1
18,3,7,1
19,3,8,1
20,4,3,1
21,4,4,1
22,4,5,1
23,4,6,1
24,4,7,1
25,4,8,1
26,5,3,1
27,5,4,1
28,5,5,1
29,5,6,1
30,5,7,1
31,5,8,1
32,6,1,1
33,6,3,1
34,6,4,1
35,6,5,1
36,6,7,1
37,6,8,1
38,7,3,1
39,7,4,1
40,7,5,1
41,7,6,1
42,7,7,1
43,7,8,1
44,8,3,1
45,8,4,1
46,8,5,1
47,8,6,1
48,8,7,1
49,8,8,1
50,9,3,1
51,9,4,1
52,9,5,1
53,9,6,1
54,9,7,1
55,9,8,1
56,10,3,1
57,10,4,1
58,10,5,1
59,10,6,1
60,10,7,1
61,10,8,1
62,11,3,1
63,11,4,1
64,11,5,1
65,11,7,1
66,11,8,1
67,12,1,1
68,12,3,1
69,12,4,1
70,12,5,1
71,12,6,1
72,12,7,1
73,12,8,1
74,13,1,1
75,13,3,1
76,13,4,1
77,13,5,1
78,13,6,1
79,13,7,1
80,13,8,1
81,14,1,1
82,14,3,1
83,14,4,1
84,14,5,1
85,14,6,1
86,14,7,1
87,14,8,1
88,15,3,1
89,15,4,1
90,15,5,1
91,15,6,1
92,15,7,1
93,15,8,1
94,16,3,1
95,16,4,1
96,16,5,1
97,16,6,1
98,16,7,1
99,16,8,1
100,17,3,1
101,17,4,1
102,17,5,1
103,17,6,1
104,17,7,1
105,17,8,1
106,18,3,1
107,18,4,1
108,18,5,1
109,18,7,1
110,18,8,1
111,19,3,1
112,19,4,1
113,19,5,1
114,19,6,1
115,19,7,1
116,19,8,1
117,20,3,1
118,20,4,1
119,20,5,1
120,20,6,1
121,20,7,1
122,20,8,1
123,21,3,1
124,21,4,1
125,21,5,1
126,21,7,1
127,21,8,1
128,22,3,1
129,22,4,1
130,22,5,1
131,22,6,1
132,22,7,1
133,22,8,1
134,23,3,1
135,23,4,1
136,23,5,1
137,23,6,1
138,23,7,1
139,23,8,1
140,24,3,1
141,24,4,1
142,24,5,1
143,24,6,1
144,24,7,1
145,24,8,1
146,25,3,1
147,25,4,1
148,25,5,1
149,25,6,1
150,25,7,1
151,25,8,1
152,26,3,1
153,26,4,1
154,26,5,1
155,26,6,1
156,26,7,1
157,26,8,1
158,27,1,1
159,27,3,1
160,27,4,1
161,27,5,1
162,27,6,1
163,27,7,1
164,27,8,1
165,28,3,1
166,28,4,1
167,28,5,1
168,28,6,1
169,28,7,1
170,28,8,1
171,29,3,1
172,29,4,1
173,29,5,1
174,29,6,1
175,29,7,1
176,29,8,1
177,30,3,1
178,30,4,1
179,30,5,1
180,30,6,1
181,30,7,1
182,30,8,1
183,31,3,1
184,31,4,1
185,31,5,1
186,31,6,1
187,31,7,1
188,31,8,1
189,32,3,1
190,32,4,1
191,32,5,1
192,32,6,1
193,32,7,1
194,32,8,1
195,33,3,1
196,33,4,1
197,33,5,1
198,33,6,1
199,33,7,1
200,33,8,1
201,34,1,1
202,34,3,1
203,34,4,1
204,34,5,1
205,34,7,1
206,34,8,1
207,35,3,1
208,35,4,1
209,35,5,1
210,35,6,1
211,35,7,1
212,35,8,1
213,36,1,1
214,36,3,1
215,36,4,1
216,36,5,1
217,36,6,1
218,36,7,1
219,36,8,1
220,37,3,1
221,37,4,1
222,37,5,1
223,37,7,1
224,37,8,1
225,38,3,1
226,38,4,1
227,38,5,1
228,38,6,1
229,38,7,1
230,38,8,1
231,39,3,1
232,39,4,1
233,39,5,1
234,39,6,1
235,39,7,1
236,39,8,1
237,40,1,1
238,40,3,1
239,40,4,1
240,40,5,1
241,40,6,1
242,40,7,1
243,40,8,1
244,41,3,1
245,41,4,1
246,41,5,1
247,41,6,1
248,41,7,1
249,41,8,1
250,42,3,1
251,42,4,1
252,42,5,1
253,42,6,1
254,42,7,1
255,42,8,1
256,43,1,1
257,43,3,1
258,43,4,1
259,43,5,1
260,43,6,1
261,43,7,1
262,43,8,1
263,44,3,1
264,44,4,1
265,44,5,1
266,44,6,1
267,44,7,1
268,44,8,1
269,45,3,1
270,45,4,1
271,45,5,1
272,45,6,1
273,45,7,1
274,45,8,1
275,46,3,1
276,46,4,1
277,46,5,1
278,46,6,1
279,46,7,1
280,46,8,1
281,47,3,1
282,47,4,1
283,47,5,1
284,47,6,1
285,47,7,1
286,47,8,1
287,48,3,1
288,48,4,1
289,48,5,1
290,48,6,1
291,48,7,1
292,48,8,1
293,49,1,1
294,49,3,1
295,49,4,1
296,49,5,1
297,49,7,1
298,49,8,1
299,50,3,1
300,50,4,1
301,50,5,1
302,50,6,1
303,50,7,1
304,50,8,1
305,51,1,1
306,51,3,1
307,51,4,1
308,51,5,1
309,51,7,1
310,51,8,1
311,52,3,1
312,52,4,1
313,52,5,1
314,52,6,1
315,52,7,1
316,52,8,1
317,53,3,1
318,53,4,1
319,53,5,1
320,53,6,1
321,53,7,1
322,53,8,1
323,54,3,1
324,54,4,1
325,54,5,1
326,54,6,1
327,54,7,1
328,54,8,1
329,55,3,1
330,55,4,1
331,55,5,1
332,55,6,1
333,55,7,1
334,55,8,1
335,56,3,1
336,56,4,1
337,56,5,1
338,56,7,1
339,56,8,1
340,57,3,1
341,57,4,1
342,57,5,1
343,57,6,1
344,57,7,1
345,57,8,1
346,58,3,1
347,58,4,1
348,58,5,1
349,58,7,1
350,58,8,1
351,59,3,1
352,59,4,1
353,59,5,1
354,59,6,1
355,59,7,1
356,59,8,1
357,60,3,1
358,60,4,1
359,60,5,1
360,60,7,1
361,60,8,1
362,61,3,1
363,61,4,1
364,61,5,1
365,61,6,1
366,61,7,1
367,61,8,1
368,62,3,1
369,62,4,1
370,62,5,1
371,62,7,1
372,62,8,1
373,63,3,1
374,63,4,1
375,63,5,1
376,63,7,1
377,63,8,1
378,64,3,1
379,64,4,1
380,64,5,1
381,64,6,1
382,64,7,1
383,64,8,1
384,65,1,1
385,65,3,1
386,65,4,1
387,65,5,1
388,65,6,1
389,65,7,1
390,65,8,1
391,66,3,1
392,66,4,1
393,66,5,1
394,66,6,1
395,66,7,1
396,66,8,1
397,67,3,1
398,67,4,1
399,67,5,1
400,67,6,1
401,67,7,1
402,67,8,1
403,68,3,1
404,68,4,1
405,68,5,1
406,68,6,1
407,68,7,1
408,68,8,1
409,69,3,1
410,69,4,1
411,69,5,1
412,69,7,1
413,69,8,1
414,70,3,1
415,70,4,1
416,70,5,1
417,70,7,1
418,70,8,1
419,71,3,1
420,71,4,1
421,71,5,1
422,71,7,1
423,71,8,1
424,72,3,1
425,72,4,1
426,72,5,1
427,72,6,1
428,72,7,1
429,72,8,1
430,73,3,1
431,73,4,1
432,73,5,1
433,73,7,1
434,73,8,1
435,74,3,1
436,74,4,1
437,74,5,1
438,74,6,1
439,74,7,1
440,74,8,1
441,75,3,1
442,75,4,1
443,75,5,1
444,75,6,1
445,75,7,1
446,75,8,1
447,76,1,1
448,76,3,1
449,76,4,1
450,76,5,1
451,76,6,1
452,76,7,1
453,76,8,1
454,77,3,1
455,77,4,1
456,77,5,1
457,77,7,1
458,77,8,1
459,78,3,1
460,78,4,1
461,78,5,1
462,78,6,1
463,78,7,1
464,78,8,1
465,79,3,1
466,79,4,1
467,79,5,1
468,79,6,1
469,79,7,1
470,79,8,1
471,80,3,1
472,80,4,1
473,80,5,1
474,80,6,1
475,80,7,1
476,80,8,1
477,81,3,1
478,81,4,1
479,81,5,1
480,81,7,1
481,81,8,1
482,82,3,1
483,82,4,1
484,82,5,1
485,82,6,1
486,82,7,1
487,82,8,1
488,83,3,1
489,83,4,1
490,83,5,1
491,83,6,1
492,83,7,1
493,83,8,1
494,84,3,1
495,84,4,1
496,84,5,1
497,84,6,1
498,84,7,1
499,84,8,1
500,85,3,1
501,85,4,1
502,85,5,1
503,85,6,1
504,85,7,1
505,85,8,1
506,86,3,1
507,86,4,1
508,86,5,1
509,86,6,1
510,86,7,1
511,86,8,1
512,87,3,1
513,87,4,1
514,87,5,1
515,87,6,1
516,87,7,1
517,87,8,1
518,88,1,1
519,88,3,1
520,88,4,1
521,88,5,1
522,88,6,1
523,88,7,1
524,88,8,1
525,89,3,1
526,89,4,1
527,89,5,1
528,89,6,1
529,89,7,1
530,89,8,1
531,90,3,1
532,90,4,1
533,90,5,1
534,90,6,1
535,90,7,1
536,90,8,1
537,91,3,1
538,91,4,1
539,91,5,1
540,91,7,1
541,91,8,1
542,92,1,1
543,92,3,1
544,92,4,1
545,92,5,1
546,92,6,1
547,92,7,1
548,92,8,1
549,93,3,1
550,93,4,1
551,93,5,1
552,93,6,1
553,93,7,1
554,93,8,1
555,94,3,1
556,94,4,1
557,94,5,1
558,94,6,1
559,94,7,1
560,94,8,1
561,95,3,1
562,95,4,1
563,95,5,1
564,95,6,1
565,95,7,1
566,95,8,1
567,96,3,1
568,96,4,1
569,96,5,1
570,96,6,1
571,96,7,1
572,96,8,1
573,97,3,1
574,97,4,1
575,97,5,1
576,97,7,1
577,97,8,1
578,98,1,1
579,98,3,1
580,98,4,1
581,98,5,1
582,98,6,1
583,98,7,1
584,98,8,1
585,99,3,1
586,99,4,1
587,99,5,1
588,99,6,1
589,99,7,1
590,99,8,1
591,100,3,1
592,100,4,1
593,100,5,1
594,100,6,1
595,100,7,1
596,100,8,1
597,101,3,1
598,101,4,1
599,101,5,1
600,101,6,1
601,101,7,1
602,101,8,1
603,102,3,1
604,102,4,1
605,102,5,1
606,102,6,1
607,102,7,1
608,102,8,1
609,103,3,1
610,103,4,1
611,103,5,1
612,103,6,1
613,103,7,1
614,103,8,1
615,104,3,1
616,104,4,1
617,104,5,1
618,104,7,1
619,104,8,1
620,105,3,1
621,105,4,1
622,105,5,1
623,105,6,1
624,105,7,1
625,105,8,1
626,106,3,1
627,106,4,1
628,106,5,1
629,106,7,1
630,106,8,1
631,107,3,1
632,107,4,1
633,107,5,1
634,107,6,1
635,107,7,1
636,107,8,1
637,108,3,1
638,108,4,1
639,108,5,1
640,108,6,1
641,108,7,1
642,108,8,1
643,109,3,1
644,109,4,1
645,109,5,1
646,109,6,1
647,109,7,1
648,109,8,1
649,110,1,1
650,110,3,1
651,110,4,1
652,110,5,1
653,110,6,1
654,110,7,1
655,110,8,1
656,111,1,1
657,111,3,1
658,111,4,1
659,111,5,1
660,111,6,1
661,111,7,1
662,111,8,1
663,112,3,1
664,112,4,1
665,112,5,1
666,112,6,1
667,112,7,1
668,112,8,1
669,113,3,1
670,113,4,1
671,113,5,1
672,113,6,1
673,113,7,1
674,113,8,1
675,114,3,1
676,114,4,1
677,114,5,1
678,114,7,1
679,114,8,1
680,115,1,1
681,115,3,1
682,115,4,1
683,115,5,1
684,115,6,1
685,115,7,1
686,115,8,1
687,116,3,1
688,116,4,1
689,116,5,1
690,116,6,1
691,116,7,1
692,116,8,1
693,117,1,1
694,117,3,1
695,117,4,1
696,117,5,1
697,117,7,1
698,117,8,1
699,118,3,1
700,118,4,1
701,118,5,1
702,118,6,1
703,118,7,1
704,118,8,1
705,119,3,1
706,119,4,1
707,119,5,1
708,119,6,1
709,119,7,1
710,119,8,1
711,120,3,1
712,120,4,1
713,120,5,1
714,120,6,1
715,120,7,1
716,120,8,1
717,121,3,1
718,121,4,1
719,121,5,1
720,121,6,1
721,121,7,1
722,121,8,1
723,122,3,1
724,122,4,1
725,122,5,1
726,122,6,1
727,122,7,1
728,122,8,1
729,123,3,1
730,123,4,1
731,123,5,1
732,123,6,1
733,123,7,1
734,123,8,1
735,124,1,1
736,124,3,1
737,124,4,1
738,124,5,1
739,124,6,1
740,124,7,1
741,124,8,1
742,125,3,1
743,125,4,1
744,125,5,1
745,125,6,1
746,125,7,1
747,125,8,1
748,126,3,1
749,126,4,1
750,126,5,1
751,126,6,1
752,126,7,1
753,126,8,1
754,127,3,1
755,127,4,1
756,127,5,1
757,127,6,1
758,127,7,1
759,127,8,1
760,128,1,1
761,128,3,1
762,128,4,1
763,128,5,1
764,128,6,1
765,128,7,1
766,128,8,1
767,129,3,1
768,129,4,1
769,129,5,1
770,129,7,1
771,129,8,1
772,130,3,1
773,130,4,1
774,130,5,1
775,130,6,1
776,130,7,1
777,130,8,1
778,131,3,1
779,131,4,1
780,131,5,1
781,131,7,1
782,131,8,1
783,132,3,1
784,132,4,1
785,132,5,1
786,132,6,1
787,132,7,1
788,132,8,1
789,133,3,1
790,133,4,1
791,133,5,1
792,133,6,1
793,133,7,1
794,133,8,1
795,134,1,1
796,134,3,1
797,134,4,1
798,134,5,1
799,134,6,1
800,134,7,1
801,134,8,1
802,135,3,1
803,135,4,1
804,135,5,1
805,135,6,1
806,135,7,1
807,135,8,1
808,136,3,1
809,136,4,1
810,136,5,1
811,136,6,1
812,136,7,1
813,136,8,1
814,137,3,1
815,137,4,1
816,137,5,1
817,137,6,1
818,137,7,1
819,137,8,1
820,138,3,1
821,138,4,1
822,138,5,1
823,138,6,1
824,138,7,1
825,138,8,1
826,139,3,1
827,139,4,1
828,139,5,1
829,139,6,1
830,139,7,1
831,139,8,1
832,140,1,1
833,140,3,1
834,140,4,1
835,140,5,1
836,140,6,1
837,140,7,1
838,140,8,1
839,141,3,1
840,141,4,1
841,141,5,1
842,141,6,1
843,141,7,1
844,141,8,1
845,142,1,1
846,142,3,1
847,142,4,1
848,142,5,1
849,142,6,1
850,142,7,1
851,142,8,1
852,143,1,1
853,143,3,1
854,143,4,1
855,143,5,1
856,143,6,1
857,143,7,1
858,143,8,1
859,144,3,1
860,144,4,1
861,144,5,1
862,144,7,1
863,144,8,1
864,145,3,1
865,145,4,1
866,145,5,1
867,145,6,1
868,145,7,1
869,145,8,1
870,146,3,1
871,146,4,1
872,146,5,1
873,146,6,1
874,146,7,1
875,146,8,1
876,147,3,1
877,147,4,1
878,147,5,1
879,147,7,1
880,147,8,1
881,148,1,1
882,148,3,1
883,148,4,1
884,148,5,1
885,148,6,1
886,148,7,1
887,148,8,1
888,149,3,1
889,149,4,1
890,149,5,1
891,149,6,1
892,149,7,1
893,149,8,1
894,150,1,1
895,150,3,1
896,150,4,1
897,150,5,1
898,150,6,1
899,150,7,1
900,150,8,1
901,151,3,1
902,151,4,1
903,151,5,1
904,151,6,1
905,151,7,1
906,151,8,1
907,152,3,1
908,152,4,1
909,152,5,1
910,152,7,1
911,152,8,1
912,153,3,1
913,153,4,1
914,153,5,1
915,153,6,1
916,153,7,1
917,153,8,1
918,154,3,1
919,154,4,1
920,154,5,1
921,154,6,1
922,154,7,1
923,154,8,1
924,155,3,1
925,155,4,1
926,155,5,1
927,155,7,1
928,155,8,1
929,156,3,1
930,156,4,1
931,156,5,1
932,156,6,1
933,156,7,1
934,156,8,1
935,157,3,1
936,157,4,1
937,157,5,1
938,157,7,1
939,157,8,1
940,158,3,1
941,158,4,1
942,158,5,1
943,158,6,1
944,158,7,1
945,158,8,1
946,159,3,1
947,159,4,1
948,159,5,1
949,159,6,1
950,159,7,1
951,159,8,1
952,160,1,1
953,160,3,1
954,160,4,1
955,160,5,1
956,160,6,1
957,160,7,1
958,160,8,1
959,161,1,1
960,161,3,1
961,161,4,1
962,161,5,1
963,161,6,1
964,161,7,1
965,161,8,1
966,162,1,1
967,162,3,1
968,162,4,1
969,162,5,1
970,162,6,1
971,162,7,1
972,162,8,1
973,163,3,1
974,163,4,1
975,163,5,1
976,163,6,1
977,163,7,1
978,163,8,1
979,164,1,1
980,164,3,1
981,164,4,1
982,164,5,1
983,164,7,1
984,164,8,1
985,165,3,1
986,165,4,1
987,165,5,1
988,165,7,1
989,165,8,1
990,166,3,1
991,166,4,1
992,166,5,1
993,166,6,1
994,166,7,1
995,166,8,1
996,167,3,1
997,167,4,1
998,167,5,1
999,167,6,1
1000,167,7,1
1001,167,8,1
1002,168,3,1
1003,168,4,1
1004,168,5,1
1005,168,6,1
1006,168,7,1
1007,168,8,1
1008,169,3,1
1009,169,4,1
1010,169,5,1
1011,169,6,1
1012,169,7,1
1013,169,8,1
1014,170,3,1
1015,170,4,1
1016,170,5,1
1017,170,6,1
1018,170,7,1
1019,170,8,1
1020,171,3,1
1021,171,4,1
1022,171,5,1
1023,171,6,1
1024,171,7,1
1025,171,8,1
1026,172,1,1
1027,172,3,1
1028,172,4,1
1029,172,5,1
1030,172,6,1
1031,172,7,1
1032,172,8,1
1033,173,3,1
1034,173,4,1
1035,173,5,1
1036,173,6,1
1037,173,7,1
1038,173,8,1
1039,174,1,1
1040,174,3,1
1041,174,4,1
1042,174,5,1
1043,174,6,1
1044,174,7,1
1045,174,8,1
1046,175,3,1
1047,175,4,1
1048,175,5,1
1049,175,7,1
1050,175,8,1
1051,176,1,1
1052,176,3,1
1053,176,4,1
1054,176,5,1
1055,176,6,1
1056,176,7,1
1057,176,8,1
1058,177,3,1
1059,177,4,1
1060,177,5,1
1061,177,6,1
1062,177,7,1
1063,177,8,1
1064,178,3,1
1065,178,4,1
1066,178,5,1
1067,178,6,1
1068,178,7,1
1069,178,8,1
1070,179,3,1
1071,179,4,1
1072,179,5,1
1073,179,6,1
1074,179,7,1
1075,179,8,1
1076,180,1,1
1077,180,3,1
1078,180,4,1
1079,180,5,1
1080,180,7,1
1081,180,8,1
1082,181,3,1
1083,181,4,1
1084,181,5,1
1085,181,7,1
1086,181,8,1
1087,182,3,1
1088,182,4,1
1089,182,5,1
1090,182,6,1
1091,182,7,1
1092,182,8,1
1093,183,3,1
1094,183,4,1
1095,183,5,1
1096,183,6,1
1097,183,7,1
1098,183,8,1
1099,184,3,1
1100,184,4,1
1101,184,5,1
1102,184,6,1
1103,184,7,1
1104,184,8,1
1105,185,3,1
1106,185,4,1
1107,185,5,1
1108,185,6,1
1109,185,7,1
1110,185,8,1
1111,186,3,1
1112,186,4,1
1113,186,5,1
1114,186,6,1
1115,186,7,1
1116,186,8,1
1117,187,1,1
1118,187,3,1
1119,187,4,1
1120,187,5,1
1121,187,6,1
1122,187,7,1
1123,187,8,1
1124,188,3,1
1125,188,4,1
1126,188,5,1
1127,188,6,1
1128,188,7,1
1129,188,8,1
1130,189,1,1
1131,189,3,1
1132,189,4,1
1133,189,5,1
1134,189,7,1
1135,189,8,1
1136,190,3,1
1137,190,4,1
1138,190,5,1
1139,190,6,1
1140,190,7,1
1141,190,8,1
1142,191,1,1
1143,191,3,1
1144,191,4,1
1145,191,5,1
1146,191,6,1
1147,191,7,1
1148,191,8,1
1149,192,3,1
1150,192,4,1
1151,192,5,1
1152,192,7,1
1153,192,8,1
1154,193,1,1
1155,193,3,1
1156,193,4,1
1157,193,5,1
1158,193,6,1
1159,193,7,1
1160,193,8,1
1161,194,3,1
1162,194,4,1
1163,194,5,1
1164,194,6,1
1165,194,7,1
1166,194,8,1
1167,195,3,1
1168,195,4,1
1169,195,5,1
1170,195,6,1
1171,195,7,1
1172,195,8,1
1173,196,3,1
1174,196,4,1
1175,196,5,1
1176,196,6,1
1177,196,7,1
1178,196,8,1
1179,197,3,1
1180,197,4,1
1181,197,5,1
1182,197,6,1
1183,197,7,1
1184,197,8,1
1185,198,1,1
1186,198,3,1
1187,198,4,1
1188,198,5,1
1189,198,7,1
1190,198,8,1
1191,199,1,1
1192,199,3,1
1193,199,4,1
1194,199,5,1
1195,199,7,1
1196,199,8,1
1197,200,3,1
1198,200,4,1
1199,200,5,1
1200,200,6,1
1201,200,7,1
1202,200,8,1
1203,201,3,1
1204,201,4,1
1205,201,5,1
1206,201,6,1
1207,201,7,1
1208,201,8,1
1209,202,1,1
1210,202,3,1
1211,202,4,1
1212,202,5,1
1213,202,7,1
1214,202,8,1
1215,203,3,1
1216,203,4,1
1217,203,5,1
1218,203,7,1
1219,203,8,1
1220,204,3,1
1221,204,4,1
1222,204,5,1
1223,204,6,1
1224,204,7,1
1225,204,8,1
1226,205,3,1
1227,205,4,1
1228,205,5,1
1229,205,6,1
1230,205,7,1
1231,205,8,1
1232,206,1,1
1233,206,3,1
1234,206,4,1
1235,206,5,1
1236,206,7,1
1237,206,8,1
1238,207,3,1
1239,207,4,1
1240,207,5,1
1241,207,6,1
1242,207,7,1
1243,207,8,1
1244,208,3,1
1245,208,4,1
1246,208,5,1
1247,208,7,1
1248,208,8,1
1249,209,3,1
1250,209,4,1
1251,209,5,1
1252,209,6,1
1253,209,7,1
1254,209,8,1
1255,210,3,1
1256,210,4,1
1257,210,5,1
1258,210,6,1
1259,210,7,1
1260,210,8,1
1261,211,3,1
1262,211,4,1
1263,211,5,1
1264,211,6,1
1265,211,7,1
1266,211,8,1
1267,212,3,1
1268,212,4,1
1269,212,5,1
1270,212,6,1
1271,212,7,1
1272,212,8,1
1273,213,3,1
1274,213,4,1
1275,213,5,1
1276,213,6,1
1277,213,7,1
1278,213,8,1
1279,214,3,1
1280,214,4,1
1281,214,5,1
1282,214,6,1
1283,214,7,1
1284,214,8,1
1285,215,3,1
1286,215,4,1
1287,215,5,1
1288,215,6,1
1289,215,7,1
1290,215,8,1
1291,216,1,1
1292,216,3,1
1293,216,4,1
1294,216,5,1
1295,216,6,1
1296,216,7,1
1297,216,8,1
1298,217,1,1
1299,217,3,1
1300,217,4,1
1301,217,5,1
1302,217,6,1
1303,217,7,1
1304,217,8,1
1305,218,3,1
1306,218,4,1
1307,218,5,1
1308,218,7,1
1309,218,8,1
1310,219,3,1
1311,219,4,1
1312,219,5,1
1313,219,6,1
1314,219,7,1
1315,219,8,1
1316,220,1,1
1317,220,3,1
1318,220,4,1
1319,220,5,1
1320,220,6,1
1321,220,7,1
1322,220,8,1
1323,221,1,1
1324,221,3,1
1325,221,4,1
1326,221,5,1
1327,221,6,1
1328,221,7,1
1329,221,8,1
1330,222,3,1
1331,222,4,1
1332,222,5,1
1333,222,7,1
1334,222,8,1
1335,223,3,1
1336,223,4,1
1337,223,5,1
1338,223,7,1
1339,223,8,1
1340,224,1,1
1341,224,3,1
1342,224,4,1
1343,224,5,1
1344,224,6,1
1345,224,7,1
1346,224,8,1
1347,225,3,1
1348,225,4,1
1349,225,5,1
1350,225,6,1
1351,225,7,1
1352,225,8,1
1353,226,3,1
1354,226,4,1
1355,226,5,1
1356,226,6,1
1357,226,7,1
1358,226,8,1
1359,227,3,1
1360,227,4,1
1361,227,5,1
1362,227,6,1
1363,227,7,1
1364,227,8,1
1365,228,3,1
1366,228,4,1
1367,228,5,1
1368,228,6,1
1369,228,7,1
1370,228,8,1
1371,229,3,1
1372,229,4,1
1373,229,5,1
1374,229,6,1
1375,229,7,1
1376,229,8,1
1377,230,3,1
1378,230,4,1
1379,230,5,1
1380,230,6,1
1381,230,7,1
1382,230,8,1
1383,231,3,1
1384,231,4,1
1385,231,5,1
1386,231,6,1
1387,231,7,1
1388,231,8,1
1389,232,1,1
1390,232,3,1
1391,232,4,1
1392,232,5,1
1393,232,6,1
1394,232,7,1
1395,232,8,1
1396,233,3,1
1397,233,4,1
1398,233,5,1
1399,233,6,1
1400,233,7,1
1401,233,8,1
1402,234,1,1
1403,234,3,1
1404,234,4,1
1405,234,5,1
1406,234,6,1
1407,234,7,1
1408,234,8,1
1409,235,3,1
1410,235,4,1
1411,235,5,1
1412,235,6,1
1413,235,7,1
1414,235,8,1
1415,236,3,1
1416,236,4,1
1417,236,5,1
1418,236,6,1
1419,236,7,1
1420,236,8,1
1421,237,3,1
1422,237,4,1
1423,237,5,1
1424,237,6,1
1425,237,7,1
1426,237,8,1
1427,238,1,1
1428,238,3,1
1429,238,4,1
1430,238,5,1
1431,238,6,1
1432,238,7,1
1433,238,8,1
1434,239,3,1
1435,239,4,1
1436,239,5,1
1437,239,7,1
1438,239,8,1
1439,240,3,1
1440,240,4,1
1441,240,5,1
1442,240,6,1
1443,240,7,1
1444,240,8,1
1445,241,3,1
1446,241,4,1
1447,241,5,1
1448,241,6,1
1449,241,7,1
1450,241,8,1
1451,242,3,1
1452,242,4,1
1453,242,5,1
1454,242,6,1
1455,242,7,1
1456,242,8,1
1457,243,1,1
1458,243,3,1
1459,243,4,1
1460,243,5,1
1461,243,6,1
1462,243,7,1
1463,243,8,1
1464,244,1,1
1465,244,3,1
1466,244,4,1
1467,244,5,1
1468,244,6,1
1469,244,7,1
1470,244,8,1
1471,245,3,1
1472,245,4,1
1473,245,5,1
1474,245,6,1
1475,245,7,1
1476,245,8,1
1477,246,1,1
1478,246,3,1
1479,246,4,1
1480,246,5,1
1481,246,6,1
1482,246,7,1
1483,246,8,1
1484,247,1,1
1485,247,3,1
1486,247,4,1
1487,247,5,1
1488,247,6,1
1489,247,7,1
1490,247,8,1
1491,248,1,1
1492,248,3,1
1493,248,4,1
1494,248,5,1
1495,248,6,1
1496,248,7,1
1497,248,8,1
1498,249,3,1
1499,249,4,1
1500,249,5,1
1501,249,6,1
1502,249,7,1
1503,249,8,1
1504,250,3,1
1505,250,4,1
1506,250,5,1
1507,250,6,1
1508,250,7,1
1509,250,8,1
1510,251,3,1
1511,251,4,1
1512,251,5,1
1513,251,7,1
1514,251,8,1
1515,252,3,1
1516,252,4,1
1517,252,5,1
1518,252,7,1
1519,252,8,1
1520,253,3,1
1521,253,4,1
1522,253,5,1
1523,253,6,1
1524,253,7,1
1525,253,8,1
1526,254,3,1
1527,254,4,1
1528,254,5,1
1529,254,6,1
1530,254,7,1
1531,254,8,1
1532,255,3,1
1533,255,4,1
1534,255,5,1
1535,255,6,1
1536,255,7,1
1537,255,8,1
1538,256,1,1
1539,256,3,1
1540,256,4,1
1541,256,5,1
1542,256,7,1
1543,256,8,1
1544,257,1,1
1545,257,3,1
1546,257,4,1
1547,257,5,1
1548,257,6,1
1549,257,7,1
1550,257,8,1
1551,258,3,1
1552,258,4,1
1553,258,5,1
1554,258,7,1
1555,258,8,1
1556,259,3,1
1557,259,4,1
1558,259,5,1
1559,259,6,1
1560,259,7,1
1561,259,8,1
1562,260,1,1
1563,260,3,1
1564,260,4,1
1565,260,5,1
1566,260,6,1
1567,260,7,1
1568,260,8,1
1569,261,3,1
1570,261,4,1
1571,261,5,1
1572,261,6,1
1573,261,7,1
1574,261,8,1
1575,262,1,1
1576,262,3,1
1577,262,4,1
1578,262,5,1
1579,262,6,1
1580,262,7,1
1581,262,8,1
1582,263,1,1
1583,263,3,1
1584,263,4,1
1585,263,5,1
1586,263,7,1
1587,263,8,1
1588,264,1,1
1589,264,3,1
1590,264,4,1
1591,264,5,1
1592,264,7,1
1593,264,8,1
1594,265,1,1
1595,265,3,1
1596,265,4,1
1597,265,5,1
1598,265,6,1
1599,265,7,1
1600,265,8,1
1601,266,3,1
1602,266,4,1
1603,266,5,1
1604,266,7,1
1605,266,8,1
1606,267,1,1
1607,267,3,1
1608,267,4,1
1609,267,5,1
1610,267,6,1
1611,267,7,1
1612,267,8,1
1613,268,3,1
1614,268,4,1
1615,268,5,1
1616,268,6,1
1617,268,7,1
1618,268,8,1
1619,269,3,1
1620,269,4,1
1621,269,5,1
1622,269,6,1
1623,269,7,1
1624,269,8,1
1625,270,3,1
1626,270,4,1
1627,270,5,1
1628,270,6,1
1629,270,7,1
1630,270,8,1
1631,271,3,1
1632,271,4,1
1633,271,5,1
1634,271,7,1
1635,271,8,1
1636,272,3,1
1637,272,4,1
1638,272,5,1
1639,272,6,1
1640,272,7,1
1641,272,8,1
1642,273,3,1
1643,273,4,1
1644,273,5,1
1645,273,6,1
1646,273,7,1
1647,273,8,1
1648,274,3,1
1649,274,4,1
1650,274,5,1
1651,274,6,1
1652,274,7,1
1653,274,8,1
1654,275,3,1
1655,275,4,1
1656,275,5,1
1657,275,7,1
1658,275,8,1
1659,276,3,1
1660,276,4,1
1661,276,5,1
1662,276,6,1
1663,276,7,1
1664,276,8,1
1665,277,3,1
1666,277,4,1
1667,277,5,1
1668,277,6,1
1669,277,7,1
1670,277,8,1
1671,278,3,1
1672,278,4,1
1673,278,5,1
1674,278,6,1
1675,278,7,1
1676,278,8,1
1677,279,3,1
1678,279,4,1
1679,279,5,1
1680,279,6,1
1681,279,7,1
1682,279,8,1
1683,280,3,1
1684,280,4,1
1685,280,5,1
1686,280,6,1
1687,280,7,1
1688,280,8,1
1689,281,3,1
1690,281,4,1
1691,281,5,1
1692,281,6,1
1693,281,7,1
1694,281,8,1
1695,282,3,1
1696,282,4,1
1697,282,5,1
1698,282,7,1
1699,282,8,1
1700,283,3,1
1701,283,4,1
1702,283,5,1
1703,283,6,1
1704,283,7,1
1705,283,8,1
1706,284,3,1
1707,284,4,1
1708,284,5,1
1709,284,6,1
1710,284,7,1
1711,284,8,1
1712,285,3,1
1713,285,4,1
1714,285,5,1
1715,285,6,1
1716,285,7,1
1717,285,8,1
1718,286,3,1
1719,286,4,1
1720,286,5,1
1721,286,7,1
1722,286,8,1
1723,287,3,1
1724,287,4,1
1725,287,5,1
1726,287,6,1
1727,287,7,1
1728,287,8,1
1729,288,1,1
1730,288,3,1
1731,288,4,1
1732,288,5,1
1733,288,6,1
1734,288,7,1
1735,288,8,1
1736,289,3,1
1737,289,4,1
1738,289,5,1
1739,289,6,1
1740,289,7,1
1741,289,8,1
1742,290,3,1
1743,290,4,1
1744,290,5,1
1745,290,6,1
1746,290,7,1
1747,290,8,1
1748,291,3,1
1749,291,4,1
1750,291,5,1
1751,291,6,1
1752,291,7,1
1753,291,8,1
1754,292,3,1
1755,292,4,1
1756,292,5,1
1757,292,7,1
1758,292,8,1
1759,293,3,1
1760,293,4,1
1761,293,5,1
1762,293,6,1
1763,293,7,1
1764,293,8,1
1765,294,3,1
1766,294,4,1
1767,294,5,1
1768,294,6,1
1769,294,7,1
1770,294,8,1
1771,295,3,1
1772,295,4,1
1773,295,5,1
1774,295,6,1
1775,295,7,1
1776,295,8,1
1777,296,1,1
1778,296,3,1
1779,296,4,1
1780,296,5,1
1781,296,7,1
1782,296,8,1
1783,297,3,1
1784,297,4,1
1785,297,5,1
1786,297,6,1
1787,297,7,1
1788,297,8,1
1789,298,3,1
1790,298,4,1
1791,298,5,1
1792,298,6,1
1793,298,7,1
1794,298,8,1
1795,299,3,1
1796,299,4,1
1797,299,5,1
1798,299,6,1
1799,299,7,1
1800,299,8,1
1801,300,1,1
1802,300,3,1
1803,300,4,1
1804,300,5,1
1805,300,6,1
1806,300,7,1
1807,300,8,1
1808,301,3,1
1809,301,4,1
1810,301,5,1
1811,301,6,1
1812,301,7,1
1813,301,8,1
1814,302,3,1
1815,302,4,1
1816,302,5,1
1817,302,6,1
1818,302,7,1
1819,302,8,1
1820,303,1,1
1821,303,3,1
1822,303,4,1
1823,303,5,1
1824,303,6,1
1825,303,7,1
1826,303,8,1
1827,304,1,1
1828,304,3,1
1829,304,4,1
1830,304,5,1
1831,304,6,1
1832,304,7,1
1833,304,8,1
1834,305,3,1
1835,305,4,1
1836,305,5,1
1837,305,6,1
1838,305,7,1
1839,305,8,1
1840,306,1,1
1841,306,3,1
1842,306,4,1
1843,306,5,1
1844,306,6,1
1845,306,7,1
1846,306,8,1
1847,307,3,1
1848,307,4,1
1849,307,5,1
1850,307,6,1
1851,307,7,1
1852,307,8,1
1853,308,3,1
1854,308,4,1
1855,308,5,1
1856,308,6,1
1857,308,7,1
1858,308,8,1
1859,309,1,1
1860,309,3,1
1861,309,4,1
1862,309,5,1
1863,309,6,1
1864,309,7,1
1865,309,8,1
1866,310,3,1
1867,310,4,1
1868,310,5,1
1869,310,7,1
1870,310,8,1
1871,311,1,1
1872,311,3,1
1873,311,4,1
1874,311,5,1
1875,311,6,1
1876,311,7,1
1877,311,8,1
1878,312,3,1
1879,312,4,1
1880,312,5,1
1881,312,6,1
1882,312,7,1
1883,312,8,1
1884,313,1,1
1885,313,3,1
1886,313,4,1
1887,313,5,1
1888,313,6,1
1889,313,7,1
1890,313,8,1
1891,314,3,1
1892,314,4,1
1893,314,5,1
1894,314,6,1
1895,314,7,1
1896,314,8,1
1897,315,1,1
1898,315,3,1
1899,315,4,1
1900,315,5,1
1901,315,6,1
1902,315,7,1
1903,315,8,1
1904,316,1,1
1905,316,3,1
1906,316,4,1
1907,316,5,1
1908,316,6,1
1909,316,7,1
1910,316,8,1
1911,317,3,1
1912,317,4,1
1913,317,5,1
1914,317,6,1
1915,317,7,1
1916,317,8,1
1917,318,3,1
1918,318,4,1
1919,318,5,1
1920,318,6,1
1921,318,7,1
1922,318,8,1
1923,319,3,1
1924,319,4,1
1925,319,5,1
1926,319,6,1
1927,319,7,1
1928,319,8,1
1929,320,3,1
1930,320,4,1
1931,320,5,1
1932,320,6,1
1933,320,7,1
1934,320,8,1
1935,321,1,1
1936,321,3,1
1937,321,4,1
1938,321,5,1
1939,321,6,1
1940,321,7,1
1941,321,8,1
1942,322,3,1
1943,322,4,1
1944,322,5,1
1945,322,6,1
1946,322,7,1
1947,322,8,1
1948,323,1,1
1949,323,3,1
1950,323,4,1
1951,323,5,1
1952,323,6,1
1953,323,7,1
1954,323,8,1
1955,324,3,1
1956,324,4,1
1957,324,5,1
1958,324,7,1
1959,324,8,1
1960,325,3,1
1961,325,4,1
1962,325,5,1
1963,325,7,1
1964,325,8,1
1965,326,3,1
1966,326,4,1
1967,326,5,1
1968,326,6,1
1969,326,7,1
1970,326,8,1
1971,327,3,1
1972,327,4,1
1973,327,5,1
1974,327,6,1
1975,327,7,1
1976,327,8,1
1977,328,1,1
1978,328,3,1
1979,328,4,1
1980,328,5,1
1981,328,6,1
1982,328,7,1
1983,328,8,1
1984,329,1,1
1985,329,3,1
1986,329,4,1
1987,329,5,1
1988,329,6,1
1989,329,7,1
1990,329,8,1
1991,330,3,1
1992,330,4,1
1993,330,5,1
1994,330,6,1
1995,330,7,1
1996,330,8,1
1997,331,3,1
1998,331,4,1
1999,331,5,1
2000,331,6,1
2001,331,7,1
2002,331,8,1
2003,332,3,1
2004,332,4,1
2005,332,5,1
2006,332,6,1
2007,332,7,1
2008,332,8,1
2009,333,3,1
2010,333,4,1
2011,333,5,1
2012,333,6,1
2013,333,7,1
2014,333,8,1
2015,334,3,1
2016,334,4,1
2017,334,5,1
2018,334,6,1
2019,334,7,1
2020,334,8,1
2021,335,3,1
2022,335,4,1
2023,335,5,1
2024,335,6,1
2025,335,7,1
2026,335,8,1
2027,336,3,1
2028,336,4,1
2029,336,5,1
2030,336,6,1
2031,336,7,1
2032,336,8,1
2033,337,3,1
2034,337,4,1
2035,337,5,1
2036,337,6,1
2037,337,7,1
2038,337,8,1
2039,338,1,1
2040,338,3,1
2041,338,4,1
2042,338,5,1
2043,338,6,1
2044,338,7,1
2045,338,8,1
2046,339,3,1
2047,339,4,1
2048,339,5,1
2049,339,6,1
2050,339,7,1
2051,339,8,1
2052,340,3,1
2053,340,4,1
2054,340,5,1
2055,340,6,1
2056,340,7,1
2057,340,8,1
2058,341,1,1
2059,341,3,1
2060,341,4,1
2061,341,5,1
2062,341,6,1
2063,341,7,1
2064,341,8,1
2065,342,3,1
2066,342,4,1
2067,342,5,1
2068,342,6,1
2069,342,7,1
2070,342,8,1
2071,343,3,1
2072,343,4,1
2073,343,5,1
2074,343,6,1
2075,343,7,1
2076,343,8,1
2077,344,3,1
2078,344,4,1
2079,344,5,1
2080,344,7,1
2081,344,8,1
2082,345,3,1
2083,345,4,1
2084,345,5,1
2085,345,6,1
2086,345,7,1
2087,345,8,1
2088,346,3,1
2089,346,4,1
2090,346,5,1
2091,346,6,1
2092,346,7,1
2093,346,8,1
2094,347,3,1
2095,347,4,1
2096,347,5,1
2097,347,6,1
2098,347,7,1
2099,347,8,1
2100,348,1,1
2101,348,3,1
2102,348,4,1
2103,348,5,1
2104,348,6,1
2105,348,7,1
2106,348,8,1
2107,349,1,1
2108,349,3,1
2109,349,4,1
2110,349,5,1
2111,349,6,1
2112,349,7,1
2113,349,8,1
2114,350,3,1
2115,350,4,1
2116,350,5,1
2117,350,6,1
2118,350,7,1
2119,350,8,1
2120,351,1,1
2121,351,3,1
2122,351,4,1
2123,351,5,1
2124,351,6,1
2125,351,7,1
2126,351,8,1
2127,352,3,1
2128,352,4,1
2129,352,5,1
2130,352,6,1
2131,352,7,1
2132,352,8,1
2133,353,2,1
2134,353,3,1
2135,353,7,1
2136,353,8,1
2137,354,1,1
2138,354,2,1
2139,354,3,1
2140,354,7,1
2141,354,8,1
2142,355,1,1
2143,355,2,1
2144,355,3,1
2145,355,7,1
2146,355,8,1
2147,356,2,1
2148,356,3,1
2149,356,7,1
2150,356,8,1
2151,357,2,1
2152,357,3,1
2153,357,7,1
2154,357,8,1
2155,358,2,1
2156,358,3,1
2157,358,7,1
2158,358,8,1
2159,359,1,1
2160,359,2,1
2161,359,3,1
2162,359,7,1
2163,359,8,1
2164,360,2,1
2165,360,3,1
2166,360,7,1
2167,360,8,1
2168,361,2,1
2169,361,3,1
2170,361,7,1
2171,361,8,1
2172,362,2,1
2173,362,3,1
2174,362,7,1
2175,362,8,1
2176,363,2,1
2177,363,3,1
2178,363,7,1
2179,363,8,1
2180,364,2,1
2181,364,3,1
2182,364,7,1
2183,364,8,1
2184,365,2,1
2185,365,3,1
2186,365,7,1
2187,365,8,1
2188,366,2,1
2189,366,3,1
2190,366,7,1
2191,366,8,1
2192,367,2,1
2193,367,3,1
2194,367,7,1
2195,367,8,1
2196,368,2,1
2197,368,3,1
2198,368,7,1
2199,368,8,1
2200,369,2,1
2201,369,3,1
2202,369,7,1
2203,369,8,1
2204,370,2,1
2205,370,3,1
2206,370,7,1
2207,370,8,1
2208,371,1,1
2209,371,2,1
2210,371,3,1
2211,371,7,1
2212,371,8,1
2213,372,2,1
2214,372,3,1
2215,372,7,1
2216,372,8,1
2217,373,2,1
2218,373,3,1
2219,373,7,1
2220,373,8,1
2221,374,1,1
2222,374,2,1
2223,374,3,1
2224,374,7,1
2225,374,8,1
2226,375,1,1
2227,375,2,1
2228,375,3,1
2229,375,7,1
2230,375,8,1
2231,376,2,1
2232,376,3,1
2233,376,7,1
2234,376,8,1
2235,377,2,1
2236,377,3,1
2237,377,7,1
2238,377,8,1
2239,378,2,1
2240,378,3,1
2241,378,7,1
2242,378,8,1
2243,379,2,1
2244,379,3,1
2245,379,7,1
2246,379,8,1
2247,380,2,1
2248,380,3,1
2249,380,7,1
2250,380,8,1
2251,381,2,1
2252,381,3,1
2253,381,7,1
2254,381,8,1
2255,382,2,1
2256,382,3,1
2257,382,7,1
2258,382,8,1
2259,383,2,1
2260,383,3,1
2261,383,7,1
2262,383,8,1
2263,384,1,1
2264,384,2,1
2265,384,3,1
2266,384,7,1
2267,384,8,1
2268,385,2,1
2269,385,3,1
2270,385,7,1
2271,385,8,1
2272,386,2,1
2273,386,3,1
2274,386,7,1
2275,386,8,1
2276,387,1,1
2277,387,2,1
2278,387,3,1
2279,387,7,1
2280,387,8,1
2281,388,2,1
2282,388,3,1
2283,388,7,1
2284,388,8,1
2285,389,2,1
2286,389,3,1
2287,389,7,1
2288,389,8,1
2289,390,1,1
2290,390,2,1
2291,390,3,1
2292,390,7,1
2293,390,8,1
2294,391,2,1
2295,391,3,1
2296,391,7,1
2297,391,8,1
2298,392,1,1
2299,392,2,1
2300,392,3,1
2301,392,7,1
2302,392,8,1
2303,393,2,1
2304,393,3,1
2305,393,7,1
2306,393,8,1
2307,394,1,1
2308,394,2,1
2309,394,3,1
2310,394,7,1
2311,394,8,1
2312,395,1,1
2313,395,2,1
2314,395,3,1
2315,395,7,1
2316,395,8,1
2317,396,2,1
2318,396,3,1
2319,396,7,1
2320,396,8,1
2321,397,2,1
2322,397,3,1
2323,397,4,1
2324,397,5,1
2325,397,7,1
2326,397,8,1
2327,398,2,1
2328,398,3,1
2329,398,4,1
2330,398,7,1
2331,398,8,1
2332,399,1,1
2333,399,2,1
2334,399,3,1
2335,399,4,1
2336,399,5,1
2337,399,6,1
2338,399,7,1
2339,399,8,1
2340,400,1,1
2341,400,2,1
2342,400,3,1
2343,400,4,1
2344,400,5,1
2345,400,6,1
2346,400,7,1
2347,400,8,1
2348,401,2,1
2349,401,3,1
2350,401,4,1
2351,401,5,1
2352,401,7,1
2353,401,8,1
2354,402,1,1
2355,402,2,1
2356,402,3,1
2357,402,4,1
2358,402,6,1
2359,402,7,1
2360,402,8,1
2361,403,2,1
2362,403,3,1
2363,403,4,1
2364,403,5,1
2365,403,7,1
2366,403,8,1
2367,404,2,1
2368,404,3,1
2369,404,4,1
2370,404,5,1
2371,404,7,1
2372,404,8,1
2373,405,2,1
2374,405,3,1
2375,405,4,1
2376,405,5,1
2377,405,7,1
2378,405,8,1
2379,406,2,1
2380,406,3,1
2381,406,4,1
2382,406,5,1
2383,406,6,1
2384,406,7,1
2385,406,8,1
2386,407,1,1
2387,407,2,1
2388,407,3,1
2389,407,4,1
2390,407,7,1
2391,407,8,1
2392,408,1,1
2393,408,2,1
2394,408,3,1
2395,408,4,1
2396,408,5,1
2397,408,6,1
2398,408,7,1
2399,408,8,1
2400,409,1,1
2401,409,2,1
2402,409,3,1
2403,409,4,1
2404,409,5,1
2405,409,7,1
2406,409,8,1
2407,410,2,1
2408,410,3,1
2409,410,4,1
2410,410,6,1
2411,410,7,1
2412,410,8,1
2413,411,2,1
2414,411,3,1
2415,411,4,1
2416,411,5,1
2417,411,7,1
2418,411,8,1
2419,412,2,1
2420,412,3,1
2421,412,4,1
2422,412,7,1
2423,412,8,1
2424,413,1,1
2425,413,2,1
2426,413,3,1
2427,413,4,1
2428,413,6,1
2429,413,7,1
2430,413,8,1
2431,414,2,1
2432,414,3,1
2433,414,4,1
2434,414,7,1
2435,414,8,1
2436,415,2,1
2437,415,3,1
2438,415,4,1
2439,415,5,1
2440,415,7,1
2441,415,8,1
2442,416,2,1
2443,416,3,1
2444,416,4,1
2445,416,7,1
2446,416,8,1
2447,417,2,1
2448,417,3,1
2449,417,4,1
2450,417,5,1
2451,417,6,1
2452,417,7,1
2453,417,8,1
2454,418,2,1
2455,418,3,1
2456,418,4,1
2457,418,5,1
2458,418,7,1
2459,418,8,1
2460,419,2,1
2461,419,3,1
2462,419,4,1
2463,419,5,1
2464,419,6,1
2465,419,7,1
2466,419,8,1
2467,420,1,1
2468,420,2,1
2469,420,3,1
2470,420,4,1
2471,420,5,1
2472,420,7,1
2473,420,8,1
2474,421,1,1
2475,421,2,1
2476,421,3,1
2477,421,4,1
2478,421,7,1
2479,421,8,1
2480,422,2,1
2481,422,3,1
2482,422,4,1
2483,422,5,1
2484,422,6,1
2485,422,7,1
2486,422,8,1
2487,423,2,1
2488,423,3,1
2489,423,4,1
2490,423,5,1
2491,423,7,1
2492,423,8,1
2493,424,2,1
2494,424,3,1
2495,424,4,1
2496,424,5,1
2497,424,6,1
2498,424,7,1
2499,424,8,1
2500,425,2,1
2501,425,3,1
2502,425,4,1
2503,425,5,1
2504,425,7,1
2505,425,8,1
2506,426,2,1
2507,426,3,1
2508,426,4,1
2509,426,7,1
2510,426,8,1
2511,427,1,1
2512,427,2,1
2513,427,3,1
2514,427,4,1
2515,427,6,1
2516,427,7,1
2517,427,8,1
2518,428,1,1
2519,428,2,1
2520,428,3,1
2521,428,4,1
2522,428,6,1
2523,428,7,1
2524,428,8,1
2525,429,2,1
2526,429,3,1
2527,429,4,1
2528,429,6,1
2529,429,7,1
2530,429,8,1
2531,430,2,1
2532,430,3,1
2533,430,4,1
2534,430,6,1
2535,430,7,1
2536,430,8,1
2537,431,2,1
2538,431,3,1
2539,431,4,1
2540,431,5,1
2541,431,7,1
2542,431,8,1
2543,432,2,1
2544,432,3,1
2545,432,4,1
2546,432,5,1
2547,432,7,1
2548,432,8,1
2549,433,2,1
2550,433,3,1
2551,433,4,1
2552,433,6,1
2553,433,7,1
2554,433,8,1
2555,434,2,1
2556,434,3,1
2557,434,4,1
2558,434,6,1
2559,434,7,1
2560,434,8,1
2561,435,2,1
2562,435,3,1
2563,435,4,1
2564,435,5,1
2565,435,6,1
2566,435,7,1
2567,435,8,1
2568,436,2,1
2569,436,3,1
2570,436,4,1
2571,436,5,1
2572,436,6,1
2573,436,7,1
2574,436,8,1
2575,437,2,1
2576,437,3,1
2577,437,4,1
2578,437,7,1
2579,437,8,1
2580,438,1,1
2581,438,2,1
2582,438,3,1
2583,438,4,1
2584,438,7,1
2585,438,8,1
2586,439,2,1
2587,439,3,1
2588,439,4,1
2589,439,6,1
2590,439,7,1
2591,439,8,1
2592,440,2,1
2593,440,3,1
2594,440,4,1
2595,440,7,1
2596,440,8,1
2597,441,2,1
2598,441,3,1
2599,441,4,1
2600,441,7,1
2601,441,8,1
2602,442,2,1
2603,442,3,1
2604,442,4,1
2605,442,7,1
2606,442,8,1
2607,443,2,1
2608,443,3,1
2609,443,4,1
2610,443,6,1
2611,443,7,1
2612,443,8,1
2613,444,1,1
2614,444,2,1
2615,444,3,1
2616,444,4,1
2617,444,6,1
2618,444,7,1
2619,444,8,1
2620,445,2,1
2621,445,3,1
2622,445,4,1
2623,445,5,1
2624,445,7,1
2625,445,8,1
2626,446,1,1
2627,446,2,1
2628,446,3,1
2629,446,4,1
2630,446,5,1
2631,446,6,1
2632,446,7,1
2633,446,8,1
2634,447,2,1
2635,447,3,1
2636,447,4,1
2637,447,6,1
2638,447,7,1
2639,447,8,1
2640,448,1,1
2641,448,2,1
2642,448,3,1
2643,448,4,1
2644,448,7,1
2645,448,8,1
2646,449,2,1
2647,449,3,1
2648,449,4,1
2649,449,5,1
2650,449,7,1
2651,449,8,1
2652,450,2,1
2653,450,3,1
2654,450,4,1
2655,450,7,1
2656,450,8,1
2657,451,1,1
2658,451,2,1
2659,451,3,1
2660,451,4,1
2661,451,7,1
2662,451,8,1
2663,452,2,1
2664,452,3,1
2665,452,4,1
2666,452,5,1
2667,452,7,1
2668,452,8,1
2669,453,2,1
2670,453,3,1
2671,453,4,1
2672,453,5,1
2673,453,7,1
2674,453,8,1
2675,454,2,1
2676,454,3,1
2677,454,4,1
2678,454,5,1
2679,454,7,1
2680,454,8,1
2681,455,2,1
2682,455,3,1
2683,455,4,1
2684,455,5,1
2685,455,7,1
2686,455,8,1
2687,456,1,1
2688,456,2,1
2689,456,3,1
2690,456,4,1
2691,456,5,1
2692,456,6,1
2693,456,7,1
2694,456,8,1
2695,457,2,1
2696,457,3,1
2697,457,4,1
2698,457,6,1
2699,457,7,1
2700,457,8,1
2701,458,2,1
2702,458,3,1
2703,458,4,1
2704,458,5,1
2705,458,7,1
2706,458,8,1
2707,459,1,1
2708,459,2,1
2709,459,3,1
2710,459,4,1
2711,459,5,1
2712,459,7,1
2713,459,8,1
2714,460,2,1
2715,460,3,1
2716,460,4,1
2717,460,7,1
2718,460,8,1
2719,461,2,1
2720,461,3,1
2721,461,4,1
2722,461,5,1
2723,461,6,1
2724,461,7,1
2725,461,8,1
2726,462,2,1
2727,462,3,1
2728,462,4,1
2729,462,7,1
2730,462,8,1
2731,463,2,1
2732,463,3,1
2733,463,4,1
2734,463,6,1
2735,463,7,1
2736,463,8,1
2737,464,2,1
2738,464,3,1
2739,464,4,1
2740,464,7,1
2741,464,8,1
2742,465,2,1
2743,465,3,1
2744,465,4,1
2745,465,5,1
2746,465,7,1
2747,465,8,1
2748,466,1,1
2749,466,2,1
2750,466,3,1
2751,466,4,1
2752,466,5,1
2753,466,7,1
2754,466,8,1
2755,467,2,1
2756,467,3,1
2757,467,4,1
2758,467,7,1
2759,467,8,1
2760,468,1,1
2761,468,2,1
2762,468,3,1
2763,468,4,1
2764,468,7,1
2765,468,8,1
2766,469,2,1
2767,469,3,1
2768,469,4,1
2769,469,5,1
2770,469,7,1
2771,469,8,1
2772,470,2,1
2773,470,3,1
2774,470,4,1
2775,470,5,1
2776,470,6,1
2777,470,7,1
2778,470,8,1
2779,471,2,1
2780,471,3,1
2781,471,4,1
2782,471,5,1
2783,471,7,1
2784,471,8,1
2785,472,1,1
2786,472,2,1
2787,472,3,1
2788,472,4,1
2789,472,5,1
2790,472,6,1
2791,472,7,1
2792,472,8,1
2793,473,2,1
2794,473,3,1
2795,473,4,1
2796,473,5,1
2797,473,7,1
2798,473,8,1
2799,474,2,1
2800,474,3,1
2801,474,4,1
2802,474,7,1
2803,474,8,1
2804,475,1,1
2805,475,2,1
2806,475,3,1
2807,475,4,1
2808,475,6,1
2809,475,7,1
2810,475,8,1
2811,476,1,1
2812,476,2,1
2813,476,3,1
2814,476,4,1
2815,476,5,1
2816,476,7,1
2817,476,8,1
2818,477,2,1
2819,477,3,1
2820,477,4,1
2821,477,5,1
2822,477,6,1
2823,477,7,1
2824,477,8,1
2825,478,2,1
2826,478,3,1
2827,478,4,1
2828,478,5,1
2829,478,7,1
2830,478,8,1
2831,479,2,1
2832,479,3,1
2833,479,4,1
2834,479,5,1
2835,479,7,1
2836,479,8,1
2837,480,2,1
2838,480,3,1
2839,480,4,1
2840,480,7,1
2841,480,8,1
2842,481,2,1
2843,481,3,1
2844,481,4,1
2845,481,7,1
2846,481,8,1
2847,482,2,1
2848,482,3,1
2849,482,4,1
2850,482,5,1
2851,482,6,1
2852,482,7,1
2853,482,8,1
2854,483,1,1
2855,483,2,1
2856,483,3,1
2857,483,4,1
2858,483,6,1
2859,483,7,1
2860,483,8,1
2861,484,2,1
2862,484,3,1
2863,484,4,1
2864,484,5,1
2865,484,7,1
2866,484,8,1
2867,485,2,1
2868,485,3,1
2869,485,4,1
2870,485,5,1
2871,485,7,1
2872,485,8,1
2873,486,2,1
2874,486,3,1
2875,486,4,1
2876,486,7,1
2877,486,8,1
2878,487,2,1
2879,487,3,1
2880,487,4,1
2881,487,5,1
2882,487,6,1
2883,487,7,1
2884,487,8,1
2885,488,2,1
2886,488,3,1
2887,488,4,1
2888,488,7,1
2889,488,8,1
2890,489,2,1
2891,489,3,1
2892,489,4,1
2893,489,6,1
2894,489,7,1
2895,489,8,1
2896,490,2,1
2897,490,3,1
2898,490,4,1
2899,490,7,1
2900,490,8,1
2901,491,2,1
2902,491,3,1
2903,491,4,1
2904,491,5,1
2905,491,6,1
2906,491,7,1
2907,491,8,1
2908,492,1,1
2909,492,2,1
2910,492,3,1
2911,492,4,1
2912,492,5,1
2913,492,7,1
2914,492,8,1
2915,493,3,1
2916,493,4,1
2917,493,5,1
2918,493,6,1
2919,493,7,1
2920,493,8,1
2921,494,3,1
2922,494,4,1
2923,494,5,1
2924,494,6,1
2925,494,7,1
2926,494,8,1
2927,495,3,1
2928,495,4,1
2929,495,5,1
2930,495,7,1
2931,495,8,1
2932,496,3,1
2933,496,4,1
2934,496,5,1
2935,496,6,1
2936,496,7,1
2937,496,8,1
2938,497,3,1
2939,497,4,1
2940,497,5,1
2941,497,6,1
2942,497,7,1
2943,497,8,1
2944,498,3,1
2945,498,4,1
2946,498,5,1
2947,498,6,1
2948,498,7,1
2949,498,8,1
2950,499,3,1
2951,499,4,1
2952,499,5,1
2953,499,6,1
2954,499,7,1
2955,499,8,1
2956,500,3,1
2957,500,4,1
2958,500,5,1
2959,500,6,1
2960,500,7,1
2961,500,8,1
2962,501,1,1
2963,501,3,1
2964,501,4,1
2965,501,5,1
2966,501,6,1
2967,501,7,1
2968,501,8,1
2969,502,3,1
2970,502,4,1
2971,502,5,1
2972,502,6,1
2973,502,7,1
2974,502,8,1
2975,503,1,1
2976,503,3,1
2977,503,4,1
2978,503,5,1
2979,503,6,1
2980,503,7,1
2981,503,8,1
2982,504,3,1
2983,504,4,1
2984,504,5,1
2985,504,6,1
2986,504,7,1
2987,504,8,1
2988,505,3,1
2989,505,4,1
2990,505,5,1
2991,505,6,1
2992,505,7,1
2993,505,8,1
2994,506,3,1
2995,506,4,1
2996,506,5,1
2997,506,6,1
2998,506,7,1
2999,506,8,1
3000,507,3,1
3001,507,4,1
3002,507,5,1
3003,507,7,1
3004,507,8,1
3005,508,3,1
3006,508,4,1
3007,508,5,1
3008,508,6,1
3009,508,7,1
3010,508,8,1
3011,509,1,1
3012,509,3,1
3013,509,4,1
3014,509,5,1
3015,509,7,1
3016,509,8,1
3017,510,3,1
3018,510,4,1
3019,510,5,1
3020,510,7,1
3021,510,8,1
3022,511,3,1
3023,511,4,1
3024,511,5,1
3025,511,6,1
3026,511,7,1
3027,511,8,1
3028,512,3,1
3029,512,4,1
3030,512,5,1
3031,512,6,1
3032,512,7,1
3033,512,8,1
3034,513,3,1
3035,513,4,1
3036,513,5,1
3037,513,6,1
3038,513,7,1
3039,513,8,1
3040,514,3,1
3041,514,4,1
3042,514,5,1
3043,514,6,1
3044,514,7,1
3045,514,8,1
3046,515,3,1
3047,515,4,1
3048,515,5,1
3049,515,7,1
3050,515,8,1
3051,516,1,1
3052,516,3,1
3053,516,4,1
3054,516,5,1
3055,516,7,1
3056,516,8,1
3057,517,3,1
3058,517,4,1
3059,517,5,1
3060,517,6,1
3061,517,7,1
3062,517,8,1
3063,518,3,1
3064,518,4,1
3065,518,5,1
3066,518,6,1
3067,518,7,1
3068,518,8,1
3069,519,1,1
3070,519,3,1
3071,519,4,1
3072,519,5,1
3073,519,6,1
3074,519,7,1
3075,519,8,1
3076,520,3,1
3077,520,4,1
3078,520,5,1
3079,520,7,1
3080,520,8,1
3081,521,3,1
3082,521,4,1
3083,521,5,1
3084,521,7,1
3085,521,8,1
3086,522,3,1
3087,522,4,1
3088,522,5,1
3089,522,6,1
3090,522,7,1
3091,522,8,1
3092,523,1,1
3093,523,3,1
3094,523,4,1
3095,523,5,1
3096,523,6,1
3097,523,7,1
3098,523,8,1
3099,524,3,1
3100,524,4,1
3101,524,5,1
3102,524,6,1
3103,524,7,1
3104,524,8,1
3105,525,3,1
3106,525,4,1
3107,525,5,1
3108,525,6,1
3109,525,7,1
3110,525,8,1
3111,526,1,1
3112,526,3,1
3113,526,4,1
3114,526,5,1
3115,526,6,1
3116,526,7,1
3117,526,8,1
3118,527,3,1
3119,527,4,1
3120,527,5,1
3121,527,6,1
3122,527,7,1
3123,527,8,1
3124,528,3,1
3125,528,4,1
3126,528,5,1
3127,528,7,1
3128,528,8,1
3129,529,1,1
3130,529,3,1
3131,529,4,1
3132,529,5,1
3133,529,6,1
3134,529,7,1
3135,529,8,1
3136,530,3,1
3137,530,4,1
3138,530,5,1
3139,530,6,1
3140,530,7,1
3141,530,8,1
3142,531,1,1
3143,531,3,1
3144,531,4,1
3145,531,5,1
3146,531,6,1
3147,531,7,1
3148,531,8,1
3149,532,3,1
3150,532,4,1
3151,532,5,1
3152,532,6,1
3153,532,7,1
3154,532,8,1
3155,533,3,1
3156,533,4,1
3157,533,5,1
3158,533,6,1
3159,533,7,1
3160,533,8,1
3161,534,3,1
3162,534,4,1
3163,534,5,1
3164,534,6,1
3165,534,7,1
3166,534,8,1
3167,535,3,1
3168,535,4,1
3169,535,5,1
3170,535,7,1
3171,535,8,1
3172,536,3,1
3173,536,4,1
3174,536,5,1
3175,536,7,1
3176,536,8,1
3177,537,3,1
3178,537,4,1
3179,537,5,1
3180,537,6,1
3181,537,7,1
3182,537,8,1
3183,538,1,1
3184,538,3,1
3185,538,4,1
3186,538,5,1
3187,538,7,1
3188,538,8,1
3189,539,3,1
3190,539,4,1
3191,539,5,1
3192,539,6,1
3193,539,7,1
3194,539,8,1
3195,540,3,1
3196,540,4,1
3197,540,5,1
3198,540,7,1
3199,540,8,1
3200,541,1,1
3201,541,3,1
3202,541,4,1
3203,541,5,1
3204,541,6,1
3205,541,7,1
3206,541,8,1
3207,542,3,1
3208,542,4,1
3209,542,5,1
3210,542,6,1
3211,542,7,1
3212,542,8,1
3213,543,3,1
3214,543,4,1
3215,543,5,1
3216,543,6,1
3217,543,7,1
3218,543,8,1
3219,544,3,1
3220,544,4,1
3221,544,5,1
3222,544,6,1
3223,544,7,1
3224,544,8,1
3225,545,1,1
3226,545,3,1
3227,545,4,1
3228,545,5,1
3229,545,6,1
3230,545,7,1
3231,545,8,1
3232,546,3,1
3233,546,4,1
3234,546,5,1
3235,546,6,1
3236,546,7,1
3237,546,8,1
3238,547,3,1
3239,547,4,1
3240,547,5,1
3241,547,6,1
3242,547,7,1
3243,547,8,1
3244,548,3,1
3245,548,4,1
3246,548,5,1
3247,548,6,1
3248,548,7,1
3249,548,8,1
3250,549,3,1
3251,549,4,1
3252,549,5,1
3253,549,6,1
3254,549,7,1
3255,549,8,1
3256,550,3,1
3257,550,4,1
3258,550,5,1
3259,550,6,1
3260,550,7,1
3261,550,8,1
3262,551,1,1
3263,551,3,1
3264,551,4,1
3265,551,5,1
3266,551,6,1
3267,551,7,1
3268,551,8,1
3269,552,3,1
3270,552,4,1
3271,552,5,1
3272,552,6,1
3273,552,7,1
3274,552,8,1
3275,553,1,1
3276,553,3,1
3277,553,4,1
3278,553,5,1
3279,553,6,1
3280,553,7,1
3281,553,8,1
3282,554,3,1
3283,554,4,1
3284,554,5,1
3285,554,6,1
3286,554,7,1
3287,554,8,1
3288,555,3,1
3289,555,4,1
3290,555,5,1
3291,555,6,1
3292,555,7,1
3293,555,8,1
3294,556,1,1
3295,556,3,1
3296,556,4,1
3297,556,5,1
3298,556,6,1
3299,556,7,1
3300,556,8,1
3301,557,3,1
3302,557,4,1
3303,557,5,1
3304,557,6,1
3305,557,7,1
3306,557,8,1
3307,558,3,1
3308,558,4,1
3309,558,5,1
3310,558,6,1
3311,558,7,1
3312,558,8,1
3313,559,3,1
3314,559,4,1
3315,559,5,1
3316,559,6,1
3317,559,7,1
3318,559,8,1
3319,560,3,1
3320,560,4,1
3321,560,5,1
3322,560,6,1
3323,560,7,1
3324,560,8,1
3325,561,1,1
3326,561,3,1
3327,561,4,1
3328,561,5,1
3329,561,6,1
3330,561,7,1
3331,561,8,1
3332,562,3,1
3333,562,4,1
3334,562,5,1
3335,562,6,1
3336,562,7,1
3337,562,8,1
3338,563,1,1
3339,563,3,1
3340,563,4,1
3341,563,5,1
3342,563,7,1
3343,563,8,1
3344,564,3,1
3345,564,4,1
3346,564,5,1
3347,564,7,1
3348,564,8,1
3349,565,3,1
3350,565,4,1
3351,565,5,1
3352,565,6,1
3353,565,7,1
3354,565,8,1
3355,566,3,1
3356,566,4,1
3357,566,5,1
3358,566,6,1
3359,566,7,1
3360,566,8,1
3361,567,3,1
3362,567,4,1
3363,567,5,1
3364,567,6,1
3365,567,7,1
3366,567,8,1
3367,568,1,1
3368,568,3,1
3369,568,4,1
3370,568,5,1
3371,568,6,1
3372,568,7,1
3373,568,8,1
3374,569,3,1
3375,569,4,1
3376,569,5,1
3377,569,7,1
3378,569,8,1
3379,570,1,1
3380,570,3,1
3381,570,4,1
3382,570,5,1
3383,570,6,1
3384,570,7,1
3385,570,8,1
3386,571,1,1
3387,571,3,1
3388,571,4,1
3389,571,5,1
3390,571,6,1
3391,571,7,1
3392,571,8,1
3393,572,3,1
3394,572,4,1
3395,572,5,1
3396,572,6,1
3397,572,7,1
3398,572,8,1
3399,573,3,1
3400,573,4,1
3401,573,5,1
3402,573,6,1
3403,573,7,1
3404,573,8,1
3405,574,3,1
3406,574,4,1
3407,574,5,1
3408,574,6,1
3409,574,7,1
3410,574,8,1
3411,575,3,1
3412,575,4,1
3413,575,5,1
3414,575,7,1
3415,575,8,1
3416,576,3,1
3417,576,4,1
3418,576,5,1
3419,576,6,1
3420,576,7,1
3421,576,8,1
3422,577,3,1
3423,577,4,1
3424,577,5,1
3425,577,6,1
3426,577,7,1
3427,577,8,1
3428,578,3,1
3429,578,4,1
3430,578,5,1
3431,578,6,1
3432,578,7,1
3433,578,8,1
3434,579,3,1
3435,579,4,1
3436,579,5,1
3437,579,6,1
3438,579,7,1
3439,579,8,1
3440,580,3,1
3441,580,4,1
3442,580,5,1
3443,580,6,1
3444,580,7,1
3445,580,8,1
3446,581,1,1
3447,581,3,1
3448,581,4,1
3449,581,5,1
3450,581,6,1
3451,581,7,1
3452,581,8,1
3453,582,1,1
3454,582,3,1
3455,582,4,1
3456,582,5,1
3457,582,6,1
3458,582,7,1
3459,582,8,1
3460,583,3,1
3461,583,4,1
3462,583,5,1
3463,583,6,1
3464,583,7,1
3465,583,8,1
3466,584,3,1
3467,584,4,1
3468,584,5,1
3469,584,7,1
3470,584,8,1
3471,585,3,1
3472,585,4,1
3473,585,5,1
3474,585,6,1
3475,585,7,1
3476,585,8,1
3477,586,1,1
3478,586,3,1
3479,586,4,1
3480,586,5,1
3481,586,7,1
3482,586,8,1
3483,587,3,1
3484,587,4,1
3485,587,5,1
3486,587,6,1
3487,587,7,1
3488,587,8,1
3489,588,1,1
3490,588,3,1
3491,588,4,1
3492,588,5,1
3493,588,6,1
3494,588,7,1
3495,588,8,1
3496,589,3,1
3497,589,4,1
3498,589,5,1
3499,589,6,1
3500,589,7,1
3501,589,8,1
3502,590,3,1
3503,590,4,1
3504,590,5,1
3505,590,7,1
3506,590,8,1
3507,591,3,1
3508,591,4,1
3509,591,5,1
3510,591,6,1
3511,591,7,1
3512,591,8,1
3513,592,1,1
3514,592,3,1
3515,592,4,1
3516,592,5,1
3517,592,6,1
3518,592,7,1
3519,592,8,1
3520,593,3,1
3521,593,4,1
3522,593,5,1
3523,593,7,1
3524,593,8,1
3525,594,3,1
3526,594,4,1
3527,594,5,1
3528,594,6,1
3529,594,7,1
3530,594,8,1
3531,595,3,1
3532,595,4,1
3533,595,5,1
3534,595,6,1
3535,595,7,1
3536,595,8,1
3537,596,1,1
3538,596,3,1
3539,596,4,1
3540,596,5,1
3541,596,6,1
3542,596,7,1
3543,596,8,1
3544,597,1,1
3545,597,3,1
3546,597,4,1
3547,597,5,1
3548,597,6,1
3549,597,7,1
3550,597,8,1
3551,598,3,1
3552,598,4,1
3553,598,5,1
3554,598,6,1
3555,598,7,1
3556,598,8,1
3557,599,3,1
3558,599,4,1
3559,599,5,1
3560,599,6,1
3561,599,7,1
3562,599,8,1
3563,600,3,1
3564,600,4,1
3565,600,5,1
3566,600,6,1
3567,600,7,1
3568,600,8,1
3569,601,3,1
3570,601,4,1
3571,601,5,1
3572,601,6,1
3573,601,7,1
3574,601,8,1
3575,602,3,1
3576,602,4,1
3577,602,5,1
3578,602,7,1
3579,602,8,1
3580,603,3,1
3581,603,4,1
3582,603,5,1
3583,603,7,1
3584,603,8,1
3585,604,3,1
3586,604,4,1
3587,604,5,1
3588,604,6,1
3589,604,7,1
3590,604,8,1
3591,605,3,1
3592,605,4,1
3593,605,5,1
3594,605,6,1
3595,605,7,1
3596,605,8,1
3597,606,3,1
3598,606,4,1
3599,606,5,1
3600,606,6,1
3601,606,7,1
3602,606,8,1
3603,607,3,1
3604,607,4,1
3605,607,5,1
3606,607,6,1
3607,607,7,1
3608,607,8,1
3609,608,1,1
3610,608,3,1
3611,608,4,1
3612,608,5,1
3613,608,6,1
3614,608,7,1
3615,608,8,1
3616,609,3,1
3617,609,4,1
3618,609,5,1
3619,609,6,1
3620,609,7,1
3621,609,8,1
3622,610,3,1
3623,610,4,1
3624,610,5,1
3625,610,6,1
3626,610,7,1
3627,610,8,1
3628,611,1,1
3629,611,3,1
3630,611,4,1
3631,611,5,1
3632,611,6,1
3633,611,7,1
3634,611,8,1
3635,612,3,1
3636,612,4,1
3637,612,5,1
3638,612,6,1
3639,612,7,1
3640,612,8,1
3641,613,1,1
3642,613,3,1
3643,613,4,1
3644,613,5,1
3645,613,6,1
3646,613,7,1
3647,613,8,1
3648,614,1,1
3649,614,3,1
3650,614,4,1
3651,614,5,1
3652,614,6,1
3653,614,7,1
3654,614,8,1
3655,615,3,1
3656,615,4,1
3657,615,5,1
3658,615,6,1
3659,615,7,1
3660,615,8,1
3661,616,3,1
3662,616,4,1
3663,616,5,1
3664,616,6,1
3665,616,7,1
3666,616,8,1
3667,617,1,1
3668,617,3,1
3669,617,4,1
3670,617,5,1
3671,617,6,1
3672,617,7,1
3673,617,8,1
3674,618,3,1
3675,618,4,1
3676,618,5,1
3677,618,6,1
3678,618,7,1
3679,618,8,1
3680,619,3,1
3681,619,4,1
3682,619,5,1
3683,619,6,1
3684,619,7,1
3685,619,8,1
3686,620,3,1
3687,620,4,1
3688,620,5,1
3689,620,7,1
3690,620,8,1
3691,621,3,1
3692,621,4,1
3693,621,5,1
3694,621,6,1
3695,621,7,1
3696,621,8,1
3697,622,3,1
3698,622,4,1
3699,622,5,1
3700,622,6,1
3701,622,7,1
3702,622,8,1
3703,623,3,1
3704,623,4,1
3705,623,5,1
3706,623,6,1
3707,623,7,1
3708,623,8,1
3709,624,3,1
3710,624,4,1
3711,624,5,1
3712,624,7,1
3713,624,8,1
3714,625,3,1
3715,625,4,1
3716,625,5,1
3717,625,6,1
3718,625,7,1
3719,625,8,1
3720,626,3,1
3721,626,4,1
3722,626,5,1
3723,626,6,1
3724,626,7,1
3725,626,8,1
3726,627,3,1
3727,627,4,1
3728,627,5,1
3729,627,6,1
3730,627,7,1
3731,627,8,1
3732,628,3,1
3733,628,4,1
3734,628,5,1
3735,628,6,1
3736,628,7,1
3737,628,8,1
3738,629,3,1
3739,629,4,1
3740,629,5,1
3741,629,6,1
3742,629,7,1
3743,629,8,1
3744,630,3,1
3745,630,4,1
3746,630,5,1
3747,630,6,1
3748,630,7,1
3749,630,8,1
3750,631,3,1
3751,631,4,1
3752,631,5,1
3753,631,6,1
3754,631,7,1
3755,631,8,1
3756,632,3,1
3757,632,4,1
3758,632,5,1
3759,632,6,1
3760,632,7,1
3761,632,8,1
3762,633,3,1
3763,633,4,1
3764,633,5,1
3765,633,6,1
3766,633,7,1
3767,633,8,1
3768,634,3,1
3769,634,4,1
3770,634,5,1
3771,634,6,1
3772,634,7,1
3773,634,8,1
3774,635,3,1
3775,635,4,1
3776,635,5,1
3777,635,6,1
3778,635,7,1
3779,635,8,1
3780,636,3,1
3781,636,4,1
3782,636,5,1
3783,636,7,1
3784,636,8,1
3785,637,3,1
3786,637,4,1
3787,637,5,1
3788,637,6,1
3789,637,7,1
3790,637,8,1
3791,638,3,1
3792,638,4,1
3793,638,5,1
3794,638,6,1
3795,638,7,1
3796,638,8,1
3797,639,3,1
3798,639,4,1
3799,639,5,1
3800,639,6,1
3801,639,7,1
3802,639,8,1
3803,640,1,1
3804,640,3,1
3805,640,4,1
3806,640,5,1
3807,640,6,1
3808,640,7,1
3809,640,8,1
3810,641,3,1
3811,641,4,1
3812,641,5,1
3813,641,6,1
3814,641,7,1
3815,641,8,1
3816,642,1,1
3817,642,3,1
3818,642,4,1
3819,642,5,1
3820,642,6,1
3821,642,7,1
3822,642,8,1
3823,643,3,1
3824,643,4,1
3825,643,5,1
3826,643,6,1
3827,643,7,1
3828,643,8,1
3829,644,1,1
3830,644,3,1
3831,644,4,1
3832,644,5,1
3833,644,6,1
3834,644,7,1
3835,644,8,1
3836,645,3,1
3837,645,4,1
3838,645,5,1
3839,645,7,1
3840,645,8,1
3841,646,3,1
3842,646,4,1
3843,646,5,1
3844,646,6,1
3845,646,7,1
3846,646,8,1
3847,647,3,1
3848,647,4,1
3849,647,5,1
3850,647,7,1
3851,647,8,1
3852,648,3,1
3853,648,4,1
3854,648,5,1
3855,648,6,1
3856,648,7,1
3857,648,8,1
3858,649,3,1
3859,649,4,1
3860,649,5,1
3861,649,7,1
3862,649,8,1
3863,650,3,1
3864,650,4,1
3865,650,5,1
3866,650,6,1
3867,650,7,1
3868,650,8,1
3869,651,3,1
3870,651,4,1
3871,651,5,1
3872,651,6,1
3873,651,7,1
3874,651,8,1
3875,652,3,1
3876,652,4,1
3877,652,5,1
3878,652,7,1
3879,652,8,1
3880,653,3,1
3881,653,4,1
3882,653,5,1
3883,653,7,1
3884,653,8,1
3885,654,3,1
3886,654,4,1
3887,654,5,1
3888,654,6,1
3889,654,7,1
3890,654,8,1
3891,655,3,1
3892,655,4,1
3893,655,5,1
3894,655,6,1
3895,655,7,1
3896,655,8,1
3897,656,3,1
3898,656,4,1
3899,656,5,1
3900,656,6,1
3901,656,7,1
3902,656,8,1
3903,657,3,1
3904,657,4,1
3905,657,5,1
3906,657,6,1
3907,657,7,1
3908,657,8,1
3909,658,3,1
3910,658,4,1
3911,658,5,1
3912,658,6,1
3913,658,7,1
3914,658,8,1
3915,659,3,1
3916,659,4,1
3917,659,5,1
3918,659,6,1
3919,659,7,1
3920,659,8,1
3921,660,3,1
3922,660,4,1
3923,660,5,1
3924,660,7,1
3925,660,8,1
3926,661,1,1
3927,661,3,1
3928,661,4,1
3929,661,5,1
3930,661,6,1
3931,661,7,1
3932,661,8,1
3933,662,1,1
3934,662,3,1
3935,662,4,1
3936,662,5,1
3937,662,6,1
3938,662,7,1
3939,662,8,1
3940,663,3,1
3941,663,4,1
3942,663,5,1
3943,663,6,1
3944,663,7,1
3945,663,8,1
3946,664,1,1
3947,664,3,1
3948,664,4,1
3949,664,5,1
3950,664,6,1
3951,664,7,1
3952,664,8,1
3953,665,3,1
3954,665,4,1
3955,665,5,1
3956,665,6,1
3957,665,7,1
3958,665,8,1
3959,666,3,1
3960,666,4,1
3961,666,5,1
3962,666,7,1
3963,666,8,1
3964,667,3,1
3965,667,4,1
3966,667,5,1
3967,667,6,1
3968,667,7,1
3969,667,8,1
3970,668,3,1
3971,668,4,1
3972,668,5,1
3973,668,7,1
3974,668,8,1
3975,669,1,1
3976,669,3,1
3977,669,4,1
3978,669,5,1
3979,669,6,1
3980,669,7,1
3981,669,8,1
3982,670,3,1
3983,670,4,1
3984,670,5,1
3985,670,7,1
3986,670,8,1
3987,671,1,1
3988,671,3,1
3989,671,4,1
3990,671,5,1
3991,671,6,1
3992,671,7,1
3993,671,8,1
3994,672,3,1
3995,672,4,1
3996,672,5,1
3997,672,7,1
3998,672,8,1
3999,673,3,1
4000,673,4,1
4001,673,5,1
4002,673,6,1
4003,673,7,1
4004,673,8,1
4005,674,3,1
4006,674,4,1
4007,674,5,1
4008,674,7,1
4009,674,8,1
4010,675,3,1
4011,675,4,1
4012,675,5,1
4013,675,6,1
4014,675,7,1
4015,675,8,1
4016,676,3,1
4017,676,4,1
4018,676,5,1
4019,676,6,1
4020,676,7,1
4021,676,8,1
4022,677,3,1
4023,677,4,1
4024,677,5,1
4025,677,6,1
4026,677,7,1
4027,677,8,1
4028,678,3,1
4029,678,4,1
4030,678,5,1
4031,678,6,1
4032,678,7,1
4033,678,8,1
4034,679,3,1
4035,679,4,1
4036,679,5,1
4037,679,6,1
4038,679,7,1
4039,679,8,1
4040,680,1,1
4041,680,3,1
4042,680,4,1
4043,680,5,1
4044,680,7,1
4045,680,8,1
4046,681,1,1
4047,681,3,1
4048,681,4,1
4049,681,5,1
4050,681,6,1
4051,681,7,1
4052,681,8,1
4053,682,3,1
4054,682,4,1
4055,682,5,1
4056,682,6,1
4057,682,7,1
4058,682,8,1
4059,683,1,1
4060,683,3,1
4061,683,4,1
4062,683,5,1
4063,683,6,1
4064,683,7,1
4065,683,8,1
4066,684,3,1
4067,684,4,1
4068,684,5,1
4069,684,6,1
4070,684,7,1
4071,684,8,1
4072,685,1,1
4073,685,3,1
4074,685,4,1
4075,685,5,1
4076,685,6,1
4077,685,7,1
4078,685,8,1
4079,686,3,1
4080,686,4,1
4081,686,5,1
4082,686,6,1
4083,686,7,1
4084,686,8,1
4085,687,3,1
4086,687,4,1
4087,687,5,1
4088,687,6,1
4089,687,7,1
4090,687,8,1
4091,688,3,1
4092,688,4,1
4093,688,5,1
4094,688,6,1
4095,688,7,1
4096,688,8,1
4097,689,3,1
4098,689,4,1
4099,689,5,1
4100,689,6,1
4101,689,7,1
4102,689,8,1
4103,690,3,1
4104,690,4,1
4105,690,5,1
4106,690,6,1
4107,690,7,1
4108,690,8,1
4109,691,3,1
4110,691,4,1
4111,691,5,1
4112,691,6,1
4113,691,7,1
4114,691,8,1
4115,692,3,1
4116,692,4,1
4117,692,5,1
4118,692,6,1
4119,692,7,1
4120,692,8,1
4121,693,3,1
4122,693,4,1
4123,693,5,1
4124,693,7,1
4125,693,8,1
4126,694,3,1
4127,694,4,1
4128,694,5,1
4129,694,7,1
4130,694,8,1
4131,695,3,1
4132,695,4,1
4133,695,5,1
4134,695,6,1
4135,695,7,1
4136,695,8,1
4137,696,3,1
4138,696,4,1
4139,696,5,1
4140,696,6,1
4141,696,7,1
4142,696,8,1
4143,697,3,1
4144,697,4,1
4145,697,5,1
4146,697,7,1
4147,697,8,1
4148,698,3,1
4149,698,4,1
4150,698,5,1
4151,698,6,1
4152,698,7,1
4153,698,8,1
4154,699,3,1
4155,699,4,1
4156,699,5,1
4157,699,6,1
4158,699,7,1
4159,699,8,1
4160,700,3,1
4161,700,4,1
4162,700,5,1
4163,700,7,1
4164,700,8,1
4165,701,3,1
4166,701,4,1
4167,701,5,1
4168,701,6,1
4169,701,7,1
4170,701,8,1
4171,702,3,1
4172,702,4,1
4173,702,5,1
4174,702,6,1
4175,702,7,1
4176,702,8,1
4177,703,1,1
4178,703,3,1
4179,703,4,1
4180,703,5,1
4181,703,6,1
4182,703,7,1
4183,703,8,1
4184,704,3,1
4185,704,4,1
4186,704,5,1
4187,704,6,1
4188,704,7,1
4189,704,8,1
4190,705,3,1
4191,705,4,1
4192,705,5,1
4193,705,6,1
4194,705,7,1
4195,705,8,1
4196,706,3,1
4197,706,4,1
4198,706,5,1
4199,706,6,1
4200,706,7,1
4201,706,8,1
4202,707,3,1
4203,707,4,1
4204,707,5,1
4205,707,7,1
4206,707,8,1
4207,708,3,1
4208,708,4,1
4209,708,5,1
4210,708,6,1
4211,708,7,1
4212,708,8,1
4213,709,3,1
4214,709,4,1
4215,709,5,1
4216,709,6,1
4217,709,7,1
4218,709,8,1
4219,710,3,1
4220,710,4,1
4221,710,5,1
4222,710,6,1
4223,710,7,1
4224,710,8,1
4225,711,3,1
4226,711,4,1
4227,711,5,1
4228,711,6,1
4229,711,7,1
4230,711,8,1
4231,712,3,1
4232,712,4,1
4233,712,5,1
4234,712,6,1
4235,712,7,1
4236,712,8,1
4237,713,1,1
4238,713,3,1
4239,713,4,1
4240,713,5,1
4241,713,7,1
4242,713,8,1
4243,714,3,1
4244,714,4,1
4245,714,5,1
4246,714,6,1
4247,714,7,1
4248,714,8,1
4249,715,3,1
4250,715,4,1
4251,715,5,1
4252,715,6,1
4253,715,7,1
4254,715,8,1
4255,716,1,1
4256,716,3,1
4257,716,4,1
4258,716,5,1
4259,716,6,1
4260,716,7,1
4261,716,8,1
4262,717,1,1
4263,717,3,1
4264,717,4,1
4265,717,5,1
4266,717,6,1
4267,717,7,1
4268,717,8,1
4269,718,3,1
4270,718,4,1
4271,718,5,1
4272,718,6,1
4273,718,7,1
4274,718,8,1
4275,719,3,1
4276,719,4,1
4277,719,5,1
4278,719,6,1
4279,719,7,1
4280,719,8,1
4281,720,3,1
4282,720,4,1
4283,720,5,1
4284,720,6,1
4285,720,7,1
4286,720,8,1
4287,721,1,1
4288,721,3,1
4289,721,4,1
4290,721,5,1
4291,721,6,1
4292,721,7,1
4293,721,8,1
4294,722,3,1
4295,722,4,1
4296,722,5,1
4297,722,6,1
4298,722,7,1
4299,722,8,1
4300,723,3,1
4301,723,4,1
4302,723,5,1
4303,723,6,1
4304,723,7,1
4305,723,8,1
4306,724,3,1
4307,724,4,1
4308,724,5,1
4309,724,6,1
4310,724,7,1
4311,724,8,1
4312,725,3,1
4313,725,4,1
4314,725,5,1
4315,725,6,1
4316,725,7,1
4317,725,8,1
4318,726,3,1
4319,726,4,1
4320,726,5,1
4321,726,7,1
4322,726,8,1
4323,727,3,1
4324,727,4,1
4325,727,5,1
4326,727,6,1
4327,727,7,1
4328,727,8,1
4329,728,1,1
4330,728,3,1
4331,728,4,1
4332,728,5,1
4333,728,6,1
4334,728,7,1
4335,728,8,1
4336,729,3,1
4337,729,4,1
4338,729,5,1
4339,729,7,1
4340,729,8,1
4341,730,3,1
4342,730,4,1
4343,730,5,1
4344,730,7,1
4345,730,8,1
4346,731,3,1
4347,731,4,1
4348,731,5,1
4349,731,7,1
4350,731,8,1
4351,732,3,1
4352,732,4,1
4353,732,5,1
4354,732,6,1
4355,732,7,1
4356,732,8,1
4357,733,1,1
4358,733,3,1
4359,733,4,1
4360,733,5,1
4361,733,6,1
4362,733,7,1
4363,733,8,1
4364,734,3,1
4365,734,4,1
4366,734,5,1
4367,734,7,1
4368,734,8,1
4369,735,3,1
4370,735,4,1
4371,735,5,1
4372,735,7,1
4373,735,8,1
4374,736,3,1
4375,736,4,1
4376,736,5,1
4377,736,6,1
4378,736,7,1
4379,736,8,1
4380,737,3,1
4381,737,4,1
4382,737,5,1
4383,737,6,1
4384,737,7,1
4385,737,8,1
4386,738,1,1
4387,738,3,1
4388,738,4,1
4389,738,5,1
4390,738,6,1
4391,738,7,1
4392,738,8,1
4393,739,3,1
4394,739,4,1
4395,739,5,1
4396,739,6,1
4397,739,7,1
4398,739,8,1
4399,740,1,1
4400,740,3,1
4401,740,4,1
4402,740,5,1
4403,740,6,1
4404,740,7,1
4405,740,8,1
4406,741,3,1
4407,741,4,1
4408,741,5,1
4409,741,6,1
4410,741,7,1
4411,741,8,1
4412,742,3,1
4413,742,4,1
4414,742,5,1
4415,742,7,1
4416,742,8,1
4417,743,1,1
4418,743,3,1
4419,743,4,1
4420,743,5,1
4421,743,6,1
4422,743,7,1
4423,743,8,1
4424,744,3,1
4425,744,4,1
4426,744,5,1
4427,744,6,1
4428,744,7,1
4429,744,8,1
4430,745,3,1
4431,745,4,1
4432,745,5,1
4433,745,6,1
4434,745,7,1
4435,745,8,1
4436,746,1,1
4437,746,3,1
4438,746,4,1
4439,746,5,1
4440,746,6,1
4441,746,7,1
4442,746,8,1
4443,747,1,1
4444,747,3,1
4445,747,4,1
4446,747,5,1
4447,747,6,1
4448,747,7,1
4449,747,8,1
4450,748,3,1
4451,748,4,1
4452,748,5,1
4453,748,7,1
4454,748,8,1
4455,749,1,1
4456,749,3,1
4457,749,4,1
4458,749,5,1
4459,749,6,1
4460,749,7,1
4461,749,8,1
4462,750,1,1
4463,750,3,1
4464,750,4,1
4465,750,5,1
4466,750,6,1
4467,750,7,1
4468,750,8,1
4469,751,3,1
4470,751,4,1
4471,751,5,1
4472,751,6,1
4473,751,7,1
4474,751,8,1
4475,752,1,1
4476,752,3,1
4477,752,4,1
4478,752,5,1
4479,752,6,1
4480,752,7,1
4481,752,8,1
4482,753,3,1
4483,753,4,1
4484,753,5,1
4485,753,7,1
4486,753,8,1
4487,754,3,1
4488,754,4,1
4489,754,5,1
4490,754,6,1
4491,754,7,1
4492,754,8,1
4493,755,1,1
4494,755,3,1
4495,755,4,1
4496,755,5,1
4497,755,6,1
4498,755,7,1
4499,755,8,1
4500,756,3,1
4501,756,4,1
4502,756,5,1
4503,756,6,1
4504,756,7,1
4505,756,8,1
4506,757,3,1
4507,757,4,1
4508,757,5,1
4509,757,6,1
4510,757,7,1
4511,757,8,1
4512,758,3,1
4513,758,4,1
4514,758,5,1
4515,758,6,1
4516,758,7,1
4517,758,8,1
4518,759,1,1
4519,759,3,1
4520,759,4,1
4521,759,5,1
4522,759,6,1
4523,759,7,1
4524,759,8,1
4525,760,3,1
4526,760,4,1
4527,760,5,1
4528,760,6,1
4529,760,7,1
4530,760,8,1
4531,761,3,1
4532,761,4,1
4533,761,5,1
4534,761,6,1
4535,761,7,1
4536,761,8,1
4537,762,3,1
4538,762,4,1
4539,762,5,1
4540,762,6,1
4541,762,7,1
4542,762,8,1
4543,763,3,1
4544,763,4,1
4545,763,5,1
4546,763,6,1
4547,763,7,1
4548,763,8,1
4549,764,3,1
4550,764,4,1
4551,764,5,1
4552,764,6,1
4553,764,7,1
4554,764,8,1
4555,765,3,1
4556,765,4,1
4557,765,5,1
4558,765,6,1
4559,765,7,1
4560,765,8,1
4561,766,3,1
4562,766,4,1
4563,766,5,1
4564,766,6,1
4565,766,7,1
4566,766,8,1
4567,767,3,1
4568,767,4,1
4569,767,5,1
4570,767,6,1
4571,767,7,1
4572,767,8,1
4573,768,3,1
4574,768,4,1
4575,768,5,1
4576,768,6,1
4577,768,7,1
4578,768,8,1
4579,769,3,1
4580,769,4,1
4581,769,5,1
4582,769,6,1
4583,769,7,1
4584,769,8,1
4585,770,3,1
4586,770,4,1
4587,770,5,1
4588,770,6,1
4589,770,7,1
4590,770,8,1
4591,771,1,1
4592,771,3,1
4593,771,4,1
4594,771,5,1
4595,771,6,1
4596,771,7,1
4597,771,8,1
4598,772,3,1
4599,772,4,1
4600,772,5,1
4601,772,6,1
4602,772,7,1
4603,772,8,1
4604,773,3,1
4605,773,4,1
4606,773,5,1
4607,773,6,1
4608,773,7,1
4609,773,8,1
4610,774,3,1
4611,774,4,1
4612,774,5,1
4613,774,6,1
4614,774,7,1
4615,774,8,1
4616,775,1,1
4617,775,3,1
4618,775,4,1
4619,775,5,1
4620,775,6,1
4621,775,7,1
4622,775,8,1
4623,776,1,1
4624,776,3,1
4625,776,4,1
4626,776,5,1
4627,776,7,1
4628,776,8,1
4629,777,3,1
4630,777,4,1
4631,777,5,1
4632,777,6,1
4633,777,7,1
4634,777,8,1
4635,778,3,1
4636,778,4,1
4637,778,5,1
4638,778,6,1
4639,778,7,1
4640,778,8,1
4641,779,3,1
4642,779,4,1
4643,779,5,1
4644,779,6,1
4645,779,7,1
4646,779,8,1
4647,780,3,1
4648,780,4,1
4649,780,5,1
4650,780,6,1
4651,780,7,1
4652,780,8,1
4653,781,3,1
4654,781,4,1
4655,781,5,1
4656,781,6,1
4657,781,7,1
4658,781,8,1
4659,782,3,1
4660,782,4,1
4661,782,5,1
4662,782,6,1
4663,782,7,1
4664,782,8,1
4665,783,3,1
4666,783,4,1
4667,783,5,1
4668,783,6,1
4669,783,7,1
4670,783,8,1
4671,784,3,1
4672,784,4,1
4673,784,5,1
4674,784,6,1
4675,784,7,1
4676,784,8,1
4677,785,3,1
4678,785,4,1
4679,785,5,1
4680,785,6,1
4681,785,7,1
4682,785,8,1
4683,786,3,1
4684,786,4,1
4685,786,5,1
4686,786,6,1
4687,786,7,1
4688,786,8,1
4689,787,3,1
4690,787,4,1
4691,787,5,1
4692,787,7,1
4693,787,8,1
4694,788,3,1
4695,788,4,1
4696,788,5,1
4697,788,7,1
4698,788,8,1
4699,789,3,1
4700,789,4,1
4701,789,5,1
4702,789,7,1
4703,789,8,1
4704,790,3,1
4705,790,4,1
4706,790,5,1
4707,790,6,1
4708,790,7,1
4709,790,8,1
4710,791,1,1
4711,791,3,1
4712,791,4,1
4713,791,5,1
4714,791,6,1
4715,791,7,1
4716,791,8,1
4717,792,3,1
4718,792,4,1
4719,792,5,1
4720,792,6,1
4721,792,7,1
4722,792,8,1
4723,793,3,1
4724,793,4,1
4725,793,5,1
4726,793,6,1
4727,793,7,1
4728,793,8,1
4729,794,3,1
4730,794,4,1
4731,794,5,1
4732,794,6,1
4733,794,7,1
4734,794,8,1
4735,795,3,1
4736,795,4,1
4737,795,5,1
4738,795,6,1
4739,795,7,1
4740,795,8,1
4741,796,3,1
4742,796,4,1
4743,796,5,1
4744,796,6,1
4745,796,7,1
4746,796,8,1
4747,797,3,1
4748,797,4,1
4749,797,5,1
4750,797,6,1
4751,797,7,1
4752,797,8,1
4753,798,3,1
4754,798,4,1
4755,798,5,1
4756,798,6,1
4757,798,7,1
4758,798,8,1
4759,799,3,1
4760,799,4,1
4761,799,5,1
4762,799,6,1
4763,799,7,1
4764,799,8,1
4765,800,3,1
4766,800,4,1
4767,800,5,1
4768,800,6,1
4769,800,7,1
4770,800,8,1
4771,801,3,1
4772,801,4,1
4773,801,5,1
4774,801,6,1
4775,801,7,1
4776,801,8,1
4777,802,1,1
4778,802,3,1
4779,802,4,1
4780,802,5,1
4781,802,6,1
4782,802,7,1
4783,802,8,1
4784,803,1,1
4785,803,3,1
4786,803,4,1
4787,803,5,1
4788,803,6,1
4789,803,7,1
4790,803,8,1
4791,804,3,1
4792,804,4,1
4793,804,5,1
4794,804,6,1
4795,804,7,1
4796,804,8,1
4797,805,3,1
4798,805,4,1
4799,805,5,1
4800,805,6,1
4801,805,7,1
4802,805,8,1
4803,806,3,1
4804,806,4,1
4805,806,5,1
4806,806,6,1
4807,806,7,1
4808,806,8,1
4809,807,1,1
4810,807,3,1
4811,807,4,1
4812,807,5,1
4813,807,6,1
4814,807,7,1
4815,807,8,1
4816,808,3,1
4817,808,4,1
4818,808,5,1
4819,808,7,1
4820,808,8,1
4821,809,3,1
4822,809,4,1
4823,809,5,1
4824,809,6,1
4825,809,7,1
4826,809,8,1
4827,810,3,1
4828,810,4,1
4829,810,5,1
4830,810,6,1
4831,810,7,1
4832,810,8,1
4833,811,3,1
4834,811,4,1
4835,811,5,1
4836,811,6,1
4837,811,7,1
4838,811,8,1
4839,812,3,1
4840,812,4,1
4841,812,5,1
4842,812,6,1
4843,812,7,1
4844,812,8,1
4845,813,1,1
4846,813,3,1
4847,813,4,1
4848,813,5,1
4849,813,6,1
4850,813,7,1
4851,813,8,1
4852,814,3,1
4853,814,4,1
4854,814,5,1
4855,814,6,1
4856,814,7,1
4857,814,8,1
4858,815,3,1
4859,815,4,1
4860,815,5,1
4861,815,6,1
4862,815,7,1
4863,815,8,1
4864,816,1,1
4865,816,3,1
4866,816,4,1
4867,816,5,1
4868,816,6,1
4869,816,7,1
4870,816,8,1
4871,817,3,1
4872,817,4,1
4873,817,5,1
4874,817,7,1
4875,817,8,1
4876,818,3,1
4877,818,4,1
4878,818,5,1
4879,818,6,1
4880,818,7,1
4881,818,8,1
4882,819,1,1
4883,819,3,1
4884,819,4,1
4885,819,5,1
4886,819,6,1
4887,819,7,1
4888,819,8,1
4889,820,3,1
4890,820,4,1
4891,820,5,1
4892,820,6,1
4893,820,7,1
4894,820,8,1
4895,821,3,1
4896,821,4,1
4897,821,5,1
4898,821,6,1
4899,821,7,1
4900,821,8,1
4901,822,3,1
4902,822,4,1
4903,822,5,1
4904,822,6,1
4905,822,7,1
4906,822,8,1
4907,823,3,1
4908,823,4,1
4909,823,5,1
4910,823,6,1
4911,823,7,1
4912,823,8,1
4913,824,1,1
4914,824,3,1
4915,824,4,1
4916,824,5,1
4917,824,6,1
4918,824,7,1
4919,824,8,1
4920,825,3,1
4921,825,4,1
4922,825,5,1
4923,825,6,1
4924,825,7,1
4925,825,8,1
4926,826,1,1
4927,826,3,1
4928,826,4,1
4929,826,5,1
4930,826,6,1
4931,826,7,1
4932,826,8,1
4933,827,3,1
4934,827,4,1
4935,827,5,1
4936,827,6,1
4937,827,7,1
4938,827,8,1
4939,828,1,1
4940,828,3,1
4941,828,4,1
4942,828,5,1
4943,828,6,1
4944,828,7,1
4945,828,8,1
4946,829,3,1
4947,829,4,1
4948,829,5,1
4949,829,6,1
4950,829,7,1
4951,829,8,1
4952,830,3,1
4953,830,4,1
4954,830,5,1
4955,830,6,1
4956,830,7,1
4957,830,8,1
4958,831,1,1
4959,831,3,1
4960,831,4,1
4961,831,5,1
4962,831,6,1
4963,831,7,1
4964,831,8,1
4965,832,3,1
4966,832,4,1
4967,832,5,1
4968,832,6,1
4969,832,7,1
4970,832,8,1
4971,833,1,1
4972,833,3,1
4973,833,4,1
4974,833,5,1
4975,833,7,1
4976,833,8,1
4977,834,3,1
4978,834,4,1
4979,834,5,1
4980,834,6,1
4981,834,7,1
4982,834,8,1
4983,835,3,1
4984,835,4,1
4985,835,5,1
4986,835,6,1
4987,835,7,1
4988,835,8,1
4989,836,3,1
4990,836,4,1
4991,836,5,1
4992,836,6,1
4993,836,7,1
4994,836,8,1
4995,837,3,1
4996,837,4,1
4997,837,5,1
4998,837,7,1
4999,837,8,1
5000,838,1,1
5001,838,3,1
5002,838,4,1
5003,838,5,1
5004,838,6,1
5005,838,7,1
5006,838,8,1
5007,839,1,1
5008,839,3,1
5009,839,4,1
5010,839,5,1
5011,839,7,1
5012,839,8,1
5013,840,3,1
5014,840,4,1
5015,840,5,1
5016,840,6,1
5017,840,7,1
5018,840,8,1
5019,841,3,1
5020,841,4,1
5021,841,5,1
5022,841,6,1
5023,841,7,1
5024,841,8,1
5025,842,3,1
5026,842,4,1
5027,842,5,1
5028,842,6,1
5029,842,7,1
5030,842,8,1
5031,843,3,1
5032,843,4,1
5033,843,5,1
5034,843,6,1
5035,843,7,1
5036,843,8,1
5037,844,1,1
5038,844,3,1
5039,844,4,1
5040,844,5,1
5041,844,6,1
5042,844,7,1
5043,844,8,1
5044,845,1,1
5045,845,3,1
5046,845,4,1
5047,845,5,1
5048,845,6,1
5049,845,7,1
5050,845,8,1
5051,846,3,1
5052,846,4,1
5053,846,5,1
5054,846,6,1
5055,846,7,1
5056,846,8,1
5057,847,3,1
5058,847,4,1
5059,847,5,1
5060,847,6,1
5061,847,7,1
5062,847,8,1
5063,848,3,1
5064,848,4,1
5065,848,5,1
5066,848,7,1
5067,848,8,1
5068,849,3,1
5069,849,4,1
5070,849,5,1
5071,849,6,1
5072,849,7,1
5073,849,8,1
5074,850,3,1
5075,850,4,1
5076,850,5,1
5077,850,6,1
5078,850,7,1
5079,850,8,1
5080,851,1,1
5081,851,3,1
5082,851,4,1
5083,851,5,1
5084,851,7,1
5085,851,8,1
5086,852,1,1
5087,852,3,1
5088,852,4,1
5089,852,5,1
5090,852,7,1
5091,852,8,1
5092,853,3,1
5093,853,4,1
5094,853,5,1
5095,853,6,1
5096,853,7,1
5097,853,8,1
5098,854,3,1
5099,854,4,1
5100,854,5,1
5101,854,6,1
5102,854,7,1
5103,854,8,1
5104,855,3,1
5105,855,4,1
5106,855,5,1
5107,855,6,1
5108,855,7,1
5109,855,8,1
5110,856,3,1
5111,856,4,1
5112,856,5,1
5113,856,6,1
5114,856,7,1
5115,856,8,1
5116,857,3,1
5117,857,4,1
5118,857,5,1
5119,857,7,1
5120,857,8,1
5121,858,3,1
5122,858,4,1
5123,858,5,1
5124,858,6,1
5125,858,7,1
5126,858,8,1
5127,859,1,1
5128,859,3,1
5129,859,4,1
5130,859,5,1
5131,859,6,1
5132,859,7,1
5133,859,8,1
5134,860,3,1
5135,860,4,1
5136,860,5,1
5137,860,6,1
5138,860,7,1
5139,860,8,1
5140,861,3,1
5141,861,4,1
5142,861,5,1
5143,861,7,1
5144,861,8,1
5145,862,3,1
5146,862,4,1
5147,862,5,1
5148,862,6,1
5149,862,7,1
5150,862,8,1
5151,863,3,1
5152,863,4,1
5153,863,5,1
5154,863,6,1
5155,863,7,1
5156,863,8,1
5157,864,3,1
5158,864,4,1
5159,864,5,1
5160,864,6,1
5161,864,7,1
5162,864,8,1
5163,865,1,1
5164,865,3,1
5165,865,4,1
5166,865,5,1
5167,865,6,1
5168,865,7,1
5169,865,8,1
5170,866,1,1
5171,866,3,1
5172,866,4,1
5173,866,5,1
5174,866,6,1
5175,866,7,1
5176,866,8,1
5177,867,1,1
5178,867,3,1
5179,867,4,1
5180,867,5,1
5181,867,6,1
5182,867,7,1
5183,867,8,1
5184,868,3,1
5185,868,4,1
5186,868,5,1
5187,868,6,1
5188,868,7,1
5189,868,8,1
5190,869,3,1
5191,869,4,1
5192,869,5,1
5193,869,6,1
5194,869,7,1
5195,869,8,1
5196,870,3,1
5197,870,4,1
5198,870,5,1
5199,870,6,1
5200,870,7,1
5201,870,8,1
5202,871,3,1
5203,871,4,1
5204,871,5,1
5205,871,6,1
5206,871,7,1
5207,871,8,1
5208,872,3,1
5209,872,4,1
5210,872,5,1
5211,872,6,1
5212,872,7,1
5213,872,8,1
5214,873,1,1
5215,873,3,1
5216,873,4,1
5217,873,5,1
5218,873,6,1
5219,873,7,1
5220,873,8,1
5221,874,3,1
5222,874,4,1
5223,874,5,1
5224,874,6,1
5225,874,7,1
5226,874,8,1
5227,875,1,1
5228,875,3,1
5229,875,4,1
5230,875,5,1
5231,875,7,1
5232,875,8,1
5233,876,3,1
5234,876,4,1
5235,876,5,1
5236,876,6,1
5237,876,7,1
5238,876,8,1
5239,877,3,1
5240,877,4,1
5241,877,5,1
5242,877,6,1
5243,877,7,1
5244,877,8,1
5245,878,3,1
5246,878,4,1
5247,878,5,1
5248,878,6,1
5249,878,7,1
5250,878,8,1
5251,879,1,1
5252,879,3,1
5253,879,4,1
5254,879,5,1
5255,879,7,1
5256,879,8,1
5257,880,3,1
5258,880,4,1
5259,880,5,1
5260,880,6,1
5261,880,7,1
5262,880,8,1
5263,881,1,1
5264,881,3,1
5265,881,4,1
5266,881,5,1
5267,881,6,1
5268,881,7,1
5269,881,8,1
5270,882,3,1
5271,882,4,1
5272,882,5,1
5273,882,7,1
5274,882,8,1
5275,883,3,1
5276,883,4,1
5277,883,5,1
5278,883,6,1
5279,883,7,1
5280,883,8,1
5281,884,3,1
5282,884,4,1
5283,884,5,1
5284,884,6,1
5285,884,7,1
5286,884,8,1
5287,885,1,1
5288,885,3,1
5289,885,4,1
5290,885,5,1
5291,885,6,1
5292,885,7,1
5293,885,8,1
5294,886,3,1
5295,886,4,1
5296,886,5,1
5297,886,6,1
5298,886,7,1
5299,886,8,1
5300,887,3,1
5301,887,4,1
5302,887,5,1
5303,887,7,1
5304,887,8,1
5305,888,3,1
5306,888,4,1
5307,888,5,1
5308,888,6,1
5309,888,7,1
5310,888,8,1
5311,889,3,1
5312,889,4,1
5313,889,5,1
5314,889,6,1
5315,889,7,1
5316,889,8,1
5317,890,1,1
5318,890,3,1
5319,890,4,1
5320,890,5,1
5321,890,7,1
5322,890,8,1
5323,891,3,1
5324,891,4,1
5325,891,5,1
5326,891,6,1
5327,891,7,1
5328,891,8,1
5329,892,3,1
5330,892,4,1
5331,892,5,1
5332,892,6,1
5333,892,7,1
5334,892,8,1
5335,893,3,1
5336,893,4,1
5337,893,5,1
5338,893,6,1
5339,893,7,1
5340,893,8,1
5341,894,3,1
5342,894,4,1
5343,894,5,1
5344,894,6,1
5345,894,7,1
5346,894,8,1
5347,895,3,1
5348,895,4,1
5349,895,5,1
5350,895,6,1
5351,895,7,1
5352,895,8,1
5353,896,3,1
5354,896,4,1
5355,896,5,1
5356,896,6,1
5357,896,7,1
5358,896,8,1
5359,897,3,1
5360,897,4,1
5361,897,5,1
5362,897,6,1
5363,897,7,1
5364,897,8,1
5365,898,3,1
5366,898,4,1
5367,898,5,1
5368,898,6,1
5369,898,7,1
5370,898,8,1
5371,899,3,1
5372,899,4,1
5373,899,5,1
5374,899,6,1
5375,899,7,1
5376,899,8,1
5377,900,3,1
5378,900,4,1
5379,900,5,1
5380,900,6,1
5381,900,7,1
5382,900,8,1
5383,901,3,1
5384,901,4,1
5385,901,5,1
5386,901,7,1
5387,901,8,1
5388,902,3,1
5389,902,4,1
5390,902,5,1
5391,902,7,1
5392,902,8,1
5393,903,3,1
5394,903,4,1
5395,903,5,1
5396,903,6,1
5397,903,7,1
5398,903,8,1
5399,904,3,1
5400,904,4,1
5401,904,5,1
5402,904,6,1
5403,904,7,1
5404,904,8,1
5405,905,3,1
5406,905,4,1
5407,905,5,1
5408,905,6,1
5409,905,7,1
5410,905,8,1
5411,906,1,1
5412,906,3,1
5413,906,4,1
5414,906,5,1
5415,906,6,1
5416,906,7,1
5417,906,8,1
5418,907,3,1
5419,907,4,1
5420,907,5,1
5421,907,6,1
5422,907,7,1
5423,907,8,1
5424,908,3,1
5425,908,4,1
5426,908,5,1
5427,908,7,1
5428,908,8,1
5429,909,3,1
5430,909,4,1
5431,909,5,1
5432,909,7,1
5433,909,8,1
5434,910,3,1
5435,910,4,1
5436,910,5,1
5437,910,6,1
5438,910,7,1
5439,910,8,1
5440,911,3,1
5441,911,4,1
5442,911,5,1
5443,911,6,1
5444,911,7,1
5445,911,8,1
5446,912,3,1
5447,912,4,1
5448,912,5,1
5449,912,6,1
5450,912,7,1
5451,912,8,1
5452,913,3,1
5453,913,4,1
5454,913,5,1
5455,913,7,1
5456,913,8,1
5457,914,3,1
5458,914,4,1
5459,914,5,1
5460,914,7,1
5461,914,8,1
5462,915,3,1
5463,915,4,1
5464,915,5,1
5465,915,6,1
5466,915,7,1
5467,915,8,1
5468,916,3,1
5469,916,4,1
5470,916,5,1
5471,916,6,1
5472,916,7,1
5473,916,8,1
5474,917,3,1
5475,917,4,1
5476,917,5,1
5477,917,7,1
5478,917,8,1
5479,918,3,1
5480,918,4,1
5481,918,5,1
5482,918,6,1
5483,918,7,1
5484,918,8,1
5485,919,3,1
5486,919,4,1
5487,919,5,1
5488,919,7,1
5489,919,8,1
5490,920,3,1
5491,920,4,1
5492,920,5,1
5493,920,7,1
5494,920,8,1
5495,921,3,1
5496,921,4,1
5497,921,5,1
5498,921,6,1
5499,921,7,1
5500,921,8,1
5501,922,3,1
5502,922,4,1
5503,922,5,1
5504,922,6,1
5505,922,7,1
5506,922,8,1
5507,923,3,1
5508,923,4,1
5509,923,5,1
5510,923,6,1
5511,923,7,1
5512,923,8,1
5513,924,3,1
5514,924,4,1
5515,924,5,1
5516,924,6,1
5517,924,7,1
5518,924,8,1
5519,925,1,1
5520,925,3,1
5521,925,4,1
5522,925,5,1
5523,925,6,1
5524,925,7,1
5525,925,8,1
5526,926,3,1
5527,926,4,1
5528,926,5,1
5529,926,7,1
5530,926,8,1
5531,927,3,1
5532,927,4,1
5533,927,5,1
5534,927,7,1
5535,927,8,1
5536,928,1,1
5537,928,3,1
5538,928,4,1
5539,928,5,1
5540,928,6,1
5541,928,7,1
5542,928,8,1
5543,929,1,1
5544,929,3,1
5545,929,4,1
5546,929,5,1
5547,929,6,1
5548,929,7,1
5549,929,8,1
5550,930,3,1
5551,930,4,1
5552,930,5,1
5553,930,6,1
5554,930,7,1
5555,930,8,1
5556,931,1,1
5557,931,3,1
5558,931,4,1
5559,931,5,1
5560,931,6,1
5561,931,7,1
5562,931,8,1
5563,932,3,1
5564,932,4,1
5565,932,5,1
5566,932,6,1
5567,932,7,1
5568,932,8,1
5569,933,3,1
5570,933,4,1
5571,933,5,1
5572,933,6,1
5573,933,7,1
5574,933,8,1
5575,934,3,1
5576,934,4,1
5577,934,5,1
5578,934,6,1
5579,934,7,1
5580,934,8,1
5581,935,1,1
5582,935,3,1
5583,935,4,1
5584,935,5,1
5585,935,7,1
5586,935,8,1
5587,936,3,1
5588,936,4,1
5589,936,5,1
5590,936,6,1
5591,936,7,1
5592,936,8,1
5593,937,3,1
5594,937,4,1
5595,937,5,1
5596,937,7,1
5597,937,8,1
5598,938,3,1
5599,938,4,1
5600,938,5,1
5601,938,6,1
5602,938,7,1
5603,938,8,1
5604,939,3,1
5605,939,4,1
5606,939,5,1
5607,939,6,1
5608,939,7,1
5609,939,8,1
5610,940,3,1
5611,940,4,1
5612,940,5,1
5613,940,6,1
5614,940,7,1
5615,940,8,1
5616,941,3,1
5617,941,4,1
5618,941,5,1
5619,941,7,1
5620,941,8,1
5621,942,3,1
5622,942,4,1
5623,942,5,1
5624,942,6,1
5625,942,7,1
5626,942,8,1
5627,943,1,1
5628,943,3,1
5629,943,4,1
5630,943,5,1
5631,943,6,1
5632,943,7,1
5633,943,8,1
5634,944,1,1
5635,944,3,1
5636,944,4,1
5637,944,5,1
5638,944,6,1
5639,944,7,1
5640,944,8,1
5641,945,3,1
5642,945,4,1
5643,945,5,1
5644,945,6,1
5645,945,7,1
5646,945,8,1
5647,946,1,1
5648,946,3,1
5649,946,4,1
5650,946,5,1
5651,946,7,1
5652,946,8,1
5653,947,1,1
5654,947,3,1
5655,947,4,1
5656,947,5,1
5657,947,6,1
5658,947,7,1
5659,947,8,1
5660,948,3,1
5661,948,4,1
5662,948,5,1
5663,948,6,1
5664,948,7,1
5665,948,8,1
5666,949,1,1
5667,949,3,1
5668,949,4,1
5669,949,5,1
5670,949,7,1
5671,949,8,1
5672,950,1,1
5673,950,3,1
5674,950,4,1
5675,950,5,1
5676,950,6,1
5677,950,7,1
5678,950,8,1
5679,951,3,1
5680,951,4,1
5681,951,5,1
5682,951,7,1
5683,951,8,1
5684,952,3,1
5685,952,4,1
5686,952,5,1
5687,952,6,1
5688,952,7,1
5689,952,8,1
5690,953,3,1
5691,953,4,1
5692,953,5,1
5693,953,6,1
5694,953,7,1
5695,953,8,1
5696,954,1,1
5697,954,3,1
5698,954,4,1
5699,954,5,1
5700,954,7,1
5701,954,8,1
5702,955,3,1
5703,955,4,1
5704,955,5,1
5705,955,6,1
5706,955,7,1
5707,955,8,1
5708,956,1,1
5709,956,3,1
5710,956,4,1
5711,956,5,1
5712,956,6,1
5713,956,7,1
5714,956,8,1
5715,957,3,1
5716,957,4,1
5717,957,5,1
5718,957,6,1
5719,957,7,1
5720,957,8,1
5721,958,3,1
5722,958,4,1
5723,958,5,1
5724,958,6,1
5725,958,7,1
5726,958,8,1
5727,959,1,1
5728,959,3,1
5729,959,4,1
5730,959,5,1
5731,959,6,1
5732,959,7,1
5733,959,8,1
5734,960,3,1
5735,960,4,1
5736,960,5,1
5737,960,6,1
5738,960,7,1
5739,960,8,1
5740,961,1,1
5741,961,3,1
5742,961,4,1
5743,961,5,1
5744,961,6,1
5745,961,7,1
5746,961,8,1
5747,962,1,1
5748,962,3,1
5749,962,4,1
5750,962,5,1
5751,962,6,1
5752,962,7,1
5753,962,8,1
5754,963,1,1
5755,963,3,1
5756,963,4,1
5757,963,5,1
5758,963,6,1
5759,963,7,1
5760,963,8,1
5761,964,3,1
5762,964,4,1
5763,964,5,1
5764,964,6,1
5765,964,7,1
5766,964,8,1
5767,965,3,1
5768,965,4,1
5769,965,5,1
5770,965,7,1
5771,965,8,1
5772,966,3,1
5773,966,4,1
5774,966,5,1
5775,966,6,1
5776,966,7,1
5777,966,8,1
5778,967,3,1
5779,967,4,1
5780,967,5,1
5781,967,6,1
5782,967,7,1
5783,967,8,1
5784,968,3,1
5785,968,4,1
5786,968,5,1
5787,968,7,1
5788,968,8,1
5789,969,3,1
5790,969,4,1
5791,969,5,1
5792,969,7,1
5793,969,8,1
5794,970,1,1
5795,970,3,1
5796,970,4,1
5797,970,5,1
5798,970,7,1
5799,970,8,1
5800,971,3,1
5801,971,4,1
5802,971,5,1
5803,971,6,1
5804,971,7,1
5805,971,8,1
5806,972,3,1
5807,972,4,1
5808,972,5,1
5809,972,6,1
5810,972,7,1
5811,972,8,1
5812,973,3,1
5813,973,4,1
5814,973,5,1
5815,973,7,1
5816,973,8,1
5817,974,1,1
5818,974,3,1
5819,974,4,1
5820,974,5,1
5821,974,6,1
5822,974,7,1
5823,974,8,1
5824,975,3,1
5825,975,4,1
5826,975,5,1
5827,975,6,1
5828,975,7,1
5829,975,8,1
5830,976,3,1
5831,976,4,1
5832,976,5,1
5833,976,6,1
5834,976,7,1
5835,976,8,1
5836,977,3,1
5837,977,4,1
5838,977,5,1
5839,977,6,1
5840,977,7,1
5841,977,8,1
5842,978,3,1
5843,978,4,1
5844,978,5,1
5845,978,6,1
5846,978,7,1
5847,978,8,1
5848,979,1,1
5849,979,3,1
5850,979,4,1
5851,979,5,1
5852,979,6,1
5853,979,7,1
5854,979,8,1
5855,980,1,1
5856,980,3,1
5857,980,4,1
5858,980,5,1
5859,980,7,1
5860,980,8,1
5861,981,3,1
5862,981,4,1
5863,981,5,1
5864,981,6,1
5865,981,7,1
5866,981,8,1
5867,982,3,1
5868,982,4,1
5869,982,5,1
5870,982,6,1
5871,982,7,1
5872,982,8,1
5873,983,1,1
5874,983,3,1
5875,983,4,1
5876,983,5,1
5877,983,7,1
5878,983,8,1
5879,984,3,1
5880,984,4,1
5881,984,5,1
5882,984,7,1
5883,984,8,1
5884,985,3,1
5885,985,4,1
5886,985,5,1
5887,985,6,1
5888,985,7,1
5889,985,8,1
5890,986,3,1
5891,986,4,1
5892,986,5,1
5893,986,7,1
5894,986,8,1
